source,source_value,row_count,row_share,scheme,version,mapping_kind,codes,match_type,confidence,notes,source_field,query_text,branch_codes,branch_titles,suggested_kind,suggested_codes,candidate_codes,candidate_titles,candidate_scores,retrieval_score,suggestion_source,review_status,row_count_num,audit_reason,audit_decision,audit_correct_kind,audit_correct_codes,audit_notes
fsq,[Business and Professional Services > Office],19729,0.024786234587909534,psic,rev5,,,exact,,,category,Business and Professional Services Office,,,UNCODEABLE,,,,,,rule:broad_ontology_bucket,REVIEW_REQUIRED,19729,HIGH_FREQUENCY;ALL_UNCODEABLE,CORRECT,UNCODEABLE,,Semantically defensible at the proposed PSIC hierarchy level.
fsq,[Community and Government > Residential Building > Apartment or Condo],13571,0.01704972322938417,psic,rev5,,,exact,,,category,Community and Government Residential Building Apartment or Condo,,,NOT_ACTIVITY,,,,,,rule:high_precision_non_activity,REVIEW_REQUIRED,13571,HIGH_FREQUENCY;STRATIFIED_KIND_SOURCE_FREQ,CORRECT,NOT_ACTIVITY,,Semantically defensible at the proposed PSIC hierarchy level.
overture,historic_site,11184,0.01405085141827666,psic,rev5,,,exact,,,category,historic site,,,NOT_ACTIVITY,,,,,,rule:high_precision_non_activity,REVIEW_REQUIRED,11184,HIGH_FREQUENCY;STRATIFIED_KIND_SOURCE_FREQ,CORRECT,NOT_ACTIVITY,,Semantically defensible at the proposed PSIC hierarchy level.
overture,real_estate_service,9272,0.01164873876522364,psic,rev5,,,exact,,,category,real estate activities,68,Real Estate Activities,SUBTREE,68,68|6821|68210|682|68290,Real Estate Activities || Intermediation service activities for real estate || Intermediation service activities for real estate || Real estate activities on a fee or contract basis || Other real estate activities on a fee or contract basis,1.000000|0.611677|0.611677|0.594507|0.568493,1.000000,semantic:overture:real_estate_service;retrieval:strong_separated_hit,REVIEW_REQUIRED,9272,HIGH_FREQUENCY;STRATIFIED_KIND_SOURCE_FREQ,CORRECT,SUBTREE,68,Semantically defensible at the proposed PSIC hierarchy level.
fsq,[Business and Professional Services > Health and Beauty Service > Hair Salon],9021,0.011333398662756951,psic,rev5,,,exact,,,category,hairdressing beauty treatment day spa activities,962,"Hairdressing, beauty treatment, day spa and similar activities",SUBTREE,962,962|9622|96220|9621|96211,"Hairdressing, beauty treatment, day spa and similar activities || Beauty care and other beauty treatment activities || Beauty care and other beauty treatment activities || Hairdressing and barber activities || Hairdressing activities, other than barber activities",0.860616|0.466881|0.466881|0.296729|0.262443,0.860616,semantic:fsq:beauty;retrieval:strong_separated_hit,REVIEW_REQUIRED,9021,HIGH_FREQUENCY;STRATIFIED_KIND_SOURCE_FREQ,TOO_BROAD,SUBTREE,9621,Hair Salon supports a narrower hairdressing branch than the whole 962 beauty/spa subtree.
overture,coffee_shop,8671,0.010893681388401012,psic,rev5,,,exact,,,category,operation of cafes or coffee shops,563,Beverage serving activities,EXACT,56302,56302|56303|56301|56304|5630,"Operation of cafés or coffee shops || Activities of tea shops || Operation of nightclubs, bars and cocktail lounges || Activities of beverage stands, kiosks and counters || Beverage serving activities",0.784830|0.296045|0.107429|0.008501|0.004505,0.784830,semantic:overture:coffee_shop;retrieval:strong_separated_hit,REVIEW_REQUIRED,8671,HIGH_FREQUENCY;STRATIFIED_KIND_SOURCE_FREQ,CORRECT,EXACT,56302,Semantically defensible at the proposed PSIC hierarchy level.
fsq,[Landmarks and Outdoors > Structure],8433,0.010594673641838973,psic,rev5,,,exact,,,category,Landmarks and Outdoors Structure,,,NOT_ACTIVITY,,,,,,rule:high_precision_non_activity,REVIEW_REQUIRED,8433,HIGH_FREQUENCY;STRATIFIED_KIND_SOURCE_FREQ,CORRECT,NOT_ACTIVITY,,Semantically defensible at the proposed PSIC hierarchy level.
fsq,[Travel and Transportation > Road],7725,0.009705188412570386,psic,rev5,,,exact,,,category,Travel and Transportation Road,,,NOT_ACTIVITY,,,,,,rule:high_precision_non_activity,REVIEW_REQUIRED,7725,HIGH_FREQUENCY;STRATIFIED_KIND_SOURCE_FREQ,CORRECT,NOT_ACTIVITY,,Semantically defensible at the proposed PSIC hierarchy level.
overture,lodging,7404,0.00930190485523251,psic,rev5,,,exact,,,category,accommodation activities,55,Accommodation,SUBTREE,55,55|5510|551|5520|552,Accommodation || Hotels and similar accommodation activities || Hotels and similar accommodation activities || Other short term accommodation activities || Other short term accommodation activities,0.737428|0.590863|0.590863|0.573780|0.573780,0.737428,semantic:overture:lodging;retrieval:strong_separated_hit,REVIEW_REQUIRED,7404,HIGH_FREQUENCY;STRATIFIED_KIND_SOURCE_FREQ,CORRECT,SUBTREE,55,Semantically defensible at the proposed PSIC hierarchy level.
overture,fast_food_restaurant,6631,0.008330757846440677,psic,rev5,,,exact,,,category,fast-food restaurant operations,561,Restaurants and mobile food service activities,EXACT,56102,56102|5610|561|56109|56103,"Fast-food restaurants operations, including quick service restaurant || Restaurants and mobile food service activities || Restaurants and mobile food service activities || Restaurants and mobile food service activities, n.e.c. || Activities of buffet restaurants",0.665390|0.220886|0.220886|0.211482|0.152129,0.665390,semantic:overture:fast_food_restaurant;retrieval:strong_separated_hit,REVIEW_REQUIRED,6631,HIGH_FREQUENCY;STRATIFIED_KIND_SOURCE_FREQ,CORRECT,EXACT,56102,Semantically defensible at the proposed PSIC hierarchy level.
overture,shopping,6561,0.00824281439156949,psic,rev5,,,exact,,,category,retail trade activities,47,Retail Trade,SUBTREE,47,47|4790|479|47900|4721,Retail Trade || Intermediation service activities for retail sale || Intermediation service activities for retail sale || Intermediation service activities for retail sale || Retail sale of food,0.940316|0.224235|0.224235|0.224235|0.215569,0.940316,semantic:overture:shopping;retrieval:strong_separated_hit,REVIEW_REQUIRED,6561,HIGH_FREQUENCY;STRATIFIED_KIND_SOURCE_FREQ,CORRECT,SUBTREE,47,Semantically defensible at the proposed PSIC hierarchy level.
osm,amenity=fast_food,6527,0.008200098999203483,psic,rev5,,,exact,,,category,fast-food restaurant operations,561,Restaurants and mobile food service activities,EXACT,56102,56102|5610|561|56109|56103,"Fast-food restaurants operations, including quick service restaurant || Restaurants and mobile food service activities || Restaurants and mobile food service activities || Restaurants and mobile food service activities, n.e.c. || Activities of buffet restaurants",0.665390|0.220886|0.220886|0.211482|0.152129,0.665390,semantic:osm:amenity=fast_food;retrieval:strong_separated_hit,REVIEW_REQUIRED,6527,HIGH_FREQUENCY;STRATIFIED_KIND_SOURCE_FREQ,CORRECT,EXACT,56102,Semantically defensible at the proposed PSIC hierarchy level.
osm,shop=convenience,6137,0.0077101283220640075,psic,rev5,,,exact,,,category,retail selling in convenience stores,4711,"Non-specialized retail sale with food, beverages or tobacco predominating",EXACT,47114,47114|47113|47111|47115|47112,Retail selling in convenience stores || Retail selling in sari-sari stores || Retail selling in groceries || Retail selling in pasalubong stores or centers || Retail selling in supermarkets and hypermarkets,1.000000|0.446025|0.441785|0.432407|0.315958,1.000000,semantic:osm:shop=convenience;retrieval:strong_separated_hit,REVIEW_REQUIRED,6137,HIGH_FREQUENCY;STRATIFIED_KIND_SOURCE_FREQ,CORRECT,EXACT,47114,Semantically defensible at the proposed PSIC hierarchy level.
overture,clothing_store,5862,0.007364636177927198,psic,rev5,,,exact,,,category,retail sale garments clothing apparel,4771,"Retail sale of clothing, footwear and leather articles",EXACT,47711,47711|4771|47719|47712|47713,"Retail sale of garments, clothing, wearing apparel and clothing accessories || Retail sale of clothing, footwear and leather articles || Retail sale of clothing, footwear and leather articles, n.e.c. || Retail sale of footwear || Retail sale of leather goods and travel accessories of leather and leather substitutes",0.697789|0.311996|0.304685|0.244308|0.101870,0.697789,semantic:overture:clothing_store;retrieval:strong_separated_hit,REVIEW_REQUIRED,5862,HIGH_FREQUENCY;STRATIFIED_KIND_SOURCE_FREQ,CORRECT,EXACT,47711,Semantically defensible at the proposed PSIC hierarchy level.
fsq,[Retail > Convenience Store],5531,0.006948789269893438,psic,rev5,,,exact,,,category,retail selling in convenience stores,4711,"Non-specialized retail sale with food, beverages or tobacco predominating",EXACT,47114,47114|47113|47111|47115|47112,Retail selling in convenience stores || Retail selling in sari-sari stores || Retail selling in groceries || Retail selling in pasalubong stores or centers || Retail selling in supermarkets and hypermarkets,1.000000|0.446025|0.441785|0.432407|0.315958,1.000000,semantic:fsq:retail_convenience;retrieval:strong_separated_hit,REVIEW_REQUIRED,5531,HIGH_FREQUENCY;STRATIFIED_KIND_SOURCE_FREQ,CORRECT,EXACT,47114,Semantically defensible at the proposed PSIC hierarchy level.
overture,cafe,5476,0.006879690841066076,psic,rev5,,,exact,,,category,operation of cafes or coffee shops,563,Beverage serving activities,EXACT,56302,56302|56303|56301|56304|5630,"Operation of cafés or coffee shops || Activities of tea shops || Operation of nightclubs, bars and cocktail lounges || Activities of beverage stands, kiosks and counters || Beverage serving activities",0.784830|0.296045|0.107429|0.008501|0.004505,0.784830,semantic:overture:cafe;retrieval:strong_separated_hit,REVIEW_REQUIRED,5476,HIGH_FREQUENCY,CORRECT,EXACT,56302,Semantically defensible at the proposed PSIC hierarchy level.
overture,grocery_store,5466,0.006867127490370191,psic,rev5,,,exact,,,category,retail selling in groceries,4711,"Non-specialized retail sale with food, beverages or tobacco predominating",EXACT,47111,47111|47114|47113|47112|47115,Retail selling in groceries || Retail selling in convenience stores || Retail selling in sari-sari stores || Retail selling in supermarkets and hypermarkets || Retail selling in pasalubong stores or centers,1.000000|0.441785|0.383281|0.376115|0.372700,1.000000,semantic:overture:grocery_store;retrieval:strong_separated_hit,REVIEW_REQUIRED,5466,HIGH_FREQUENCY,CORRECT,EXACT,47111,Semantically defensible at the proposed PSIC hierarchy level.
fsq,[Health and Medicine > Hospital],5354,0.0067264179625762905,psic,rev5,,,exact,,,category,hospital activities,861,Hospital activities,SUBTREE,861,861|8611|8612|86129|86111,"Hospital activities || Public hospital activities || Private hospital activities || Private hospital activities, n.e.c. || Public general hospital activities",1.000000|0.759486|0.757450|0.723632|0.642941,1.000000,semantic:fsq:hospital;retrieval:strong_separated_hit,REVIEW_REQUIRED,5354,HIGH_FREQUENCY,CORRECT,SUBTREE,861,Semantically defensible at the proposed PSIC hierarchy level.
fsq,[Community and Government > Housing Development],4874,0.006123377129173859,psic,rev5,,,exact,,,category,Community and Government Housing Development,,,NOT_ACTIVITY,,,,,,rule:high_precision_non_activity,REVIEW_REQUIRED,4874,HIGH_FREQUENCY;STRATIFIED_KIND_SOURCE_FREQ,CORRECT,NOT_ACTIVITY,,Semantically defensible at the proposed PSIC hierarchy level.
fsq,[Business and Professional Services > Health and Beauty Service > Spa],4851,0.006094481422573326,psic,rev5,,,exact,,,category,hairdressing beauty treatment day spa activities,962,"Hairdressing, beauty treatment, day spa and similar activities",SUBTREE,962,962|9622|96220|9621|96211,"Hairdressing, beauty treatment, day spa and similar activities || Beauty care and other beauty treatment activities || Beauty care and other beauty treatment activities || Hairdressing and barber activities || Hairdressing activities, other than barber activities",0.860616|0.466881|0.466881|0.296729|0.262443,0.860616,semantic:fsq:beauty;retrieval:strong_separated_hit,REVIEW_REQUIRED,4851,HIGH_FREQUENCY,TOO_BROAD,SUBTREE,9623,Spa is more specific than the whole 962 beauty/hairdressing subtree; a day-spa branch is available.
osm,public_transport=platform,4739,0.005953771894779425,psic,rev5,,,exact,,,category,platform public transport,,,NOT_ACTIVITY,,,,,,rule:high_precision_non_activity,REVIEW_REQUIRED,4739,HIGH_FREQUENCY;STRATIFIED_KIND_SOURCE_FREQ,CORRECT,NOT_ACTIVITY,,Semantically defensible at the proposed PSIC hierarchy level.
overture,convenience_store,4414,0.005545462997163195,psic,rev5,,,exact,,,category,retail selling in convenience stores,4711,"Non-specialized retail sale with food, beverages or tobacco predominating",EXACT,47114,47114|47113|47111|47115|47112,Retail selling in convenience stores || Retail selling in sari-sari stores || Retail selling in groceries || Retail selling in pasalubong stores or centers || Retail selling in supermarkets and hypermarkets,1.000000|0.446025|0.441785|0.432407|0.315958,1.000000,semantic:overture:convenience_store;retrieval:strong_separated_hit,REVIEW_REQUIRED,4414,HIGH_FREQUENCY;STRATIFIED_KIND_SOURCE_FREQ,CORRECT,EXACT,47114,Semantically defensible at the proposed PSIC hierarchy level.
overture,pharmacy,3992,0.005015289597796891,psic,rev5,,,exact,,,category,retail sale pharmaceutical medical goods,4772,"Retail sale of pharmaceutical and medical goods, cosmetic and toilet articles",SUBTREE,4772,4772|47721|47723|47724|47722,"Retail sale of pharmaceutical and medical goods, cosmetic and toilet articles || Retail sale of prescription and over-the-counter drugs and pharmaceutical goods || Retail sale of medical, orthopedic and dental instruments and supplies || Retail sale of perfumery, cosmetic and toilet articles || Retail sale of non-medicinal wellness and herbal products and supplements",0.591138|0.353173|0.238311|0.134616|0.129968,0.591138,semantic:overture:pharmacy;retrieval:strong_separated_hit,REVIEW_REQUIRED,3992,HIGH_FREQUENCY;STRATIFIED_KIND_SOURCE_FREQ,CORRECT,SUBTREE,4772,Semantically defensible at the proposed PSIC hierarchy level.
overture,hospital,3369,0.004232592849443318,psic,rev5,,,exact,,,category,hospital activities,861,Hospital activities,SUBTREE,861,861|8611|8612|86129|86111,"Hospital activities || Public hospital activities || Private hospital activities || Private hospital activities, n.e.c. || Public general hospital activities",1.000000|0.759486|0.757450|0.723632|0.642941,1.000000,semantic:overture:hospital;retrieval:strong_separated_hit,REVIEW_REQUIRED,3369,HIGH_FREQUENCY;STRATIFIED_KIND_SOURCE_FREQ,CORRECT,SUBTREE,861,Semantically defensible at the proposed PSIC hierarchy level.
fsq,[Retail > Pharmacy],3340,0.0041961591324252544,psic,rev5,,,exact,,,category,retail sale pharmaceutical medical goods,4772,"Retail sale of pharmaceutical and medical goods, cosmetic and toilet articles",SUBTREE,4772,4772|47721|47723|47724|47722,"Retail sale of pharmaceutical and medical goods, cosmetic and toilet articles || Retail sale of prescription and over-the-counter drugs and pharmaceutical goods || Retail sale of medical, orthopedic and dental instruments and supplies || Retail sale of perfumery, cosmetic and toilet articles || Retail sale of non-medicinal wellness and herbal products and supplements",0.591138|0.353173|0.238311|0.134616|0.129968,0.591138,semantic:fsq:retail_pharmacy;retrieval:strong_separated_hit,REVIEW_REQUIRED,3340,HIGH_FREQUENCY,CORRECT,SUBTREE,4772,Semantically defensible at the proposed PSIC hierarchy level.
overture,bank_or_credit_union,3094,0.003887100705306508,psic,rev5,,,exact,,,category,banking and credit cooperative activities,64,"Financial Service Activities, except Insurance and Pension Funding",EXACT,64125,64125|64133|6412|64129|6495,"Cooperative banking || Activities of credit cooperatives || Other banking || Other banking, n.e.c. || Other credit granting activities",0.651683|0.445386|0.340724|0.298899|0.287201,0.651683,semantic:overture:bank_or_credit_union;retrieval:strong_separated_hit,REVIEW_REQUIRED,3094,HIGH_FREQUENCY,TOO_NARROW,REVIEW,,The source category conflates banks and credit unions; 64125 Cooperative banking selects only one possibility.
fsq,[Dining and Drinking > Snack Place],2795,0.0035114565194995766,psic,rev5,,,exact,,,category,food and beverage service activities,56,Food and Beverage Service Activities,SUBTREE,56,56|5640|56400|564|56290,Food and Beverage Service Activities || Intermediation service activities for food and beverage services activities || Intermediation service activities for food and beverage services activities || Intermediation service activities for food and beverage services activities || Other food service activities,1.000000|0.669798|0.669798|0.669798|0.442780,1.000000,semantic:fsq:dining;retrieval:strong_separated_hit,REVIEW_REQUIRED,2795,HIGH_FREQUENCY,CORRECT,SUBTREE,56,Semantically defensible at the proposed PSIC hierarchy level.
osm,amenity=cafe,2666,0.003349389295522673,psic,rev5,,,exact,,,category,operation of cafes or coffee shops,563,Beverage serving activities,EXACT,56302,56302|56303|56301|56304|5630,"Operation of cafés or coffee shops || Activities of tea shops || Operation of nightclubs, bars and cocktail lounges || Activities of beverage stands, kiosks and counters || Beverage serving activities",0.784830|0.296045|0.107429|0.008501|0.004505,0.784830,semantic:osm:amenity=cafe;retrieval:strong_separated_hit,REVIEW_REQUIRED,2666,HIGH_FREQUENCY;STRATIFIED_KIND_SOURCE_FREQ,CORRECT,EXACT,56302,Semantically defensible at the proposed PSIC hierarchy level.
overture,education,2594,0.003258933170512308,psic,rev5,,,exact,,,category,education activities,85,Education,SUBTREE,85,85|855|8559|8520|852,Education || Other education || Other education n.e.c. || Primary education || Primary education,0.882374|0.588716|0.546862|0.488928|0.488928,0.882374,semantic:overture:education;retrieval:strong_separated_hit,REVIEW_REQUIRED,2594,HIGH_FREQUENCY;STRATIFIED_KIND_SOURCE_FREQ,CORRECT,SUBTREE,85,Semantically defensible at the proposed PSIC hierarchy level.
fsq,[Retail > Fashion Retail > Clothing Store],2537,0.0031873220715457696,psic,rev5,,,exact,,,category,retail sale garments clothing apparel,4771,"Retail sale of clothing, footwear and leather articles",EXACT,47711,47711|4771|47719|47712|47713,"Retail sale of garments, clothing, wearing apparel and clothing accessories || Retail sale of clothing, footwear and leather articles || Retail sale of clothing, footwear and leather articles, n.e.c. || Retail sale of footwear || Retail sale of leather goods and travel accessories of leather and leather substitutes",0.697789|0.311996|0.304685|0.244308|0.101870,0.697789,semantic:fsq:retail_clothing;retrieval:strong_separated_hit,REVIEW_REQUIRED,2537,HIGH_FREQUENCY;STRATIFIED_KIND_SOURCE_FREQ,CORRECT,EXACT,47711,Semantically defensible at the proposed PSIC hierarchy level.
overture,community_and_government,2511,0.003154657359736471,psic,rev5,,,exact,,,category,community and government,,,UNCODEABLE,,,,,,rule:broad_ontology_bucket,REVIEW_REQUIRED,2511,HIGH_FREQUENCY;ALL_UNCODEABLE,CORRECT,UNCODEABLE,,Semantically defensible at the proposed PSIC hierarchy level.
overture,barber,2470,0.0031031476218833466,psic,rev5,,,exact,,,category,hairdressing and barber activities,962,"Hairdressing, beauty treatment, day spa and similar activities",SUBTREE,9621,9621|96212|96211|962|9623,"Hairdressing and barber activities || Barber activities || Hairdressing activities, other than barber activities || Hairdressing, beauty treatment, day spa and similar activities || Day spa, sauna and steam bath activities",1.000000|0.624796|0.623014|0.263915|0.045870,1.000000,semantic:overture:barber;retrieval:strong_separated_hit,REVIEW_REQUIRED,2470,HIGH_FREQUENCY,TOO_BROAD,EXACT,96212,Barber is specific enough for the barber-activities leaf rather than the broader hairdressing/barber branch.
fsq,[Travel and Transportation],1916,0.0024071379933313735,psic,rev5,,,exact,,,category,Travel and Transportation,,,UNCODEABLE,,,,,,rule:broad_ontology_bucket,REVIEW_REQUIRED,1916,HIGH_FREQUENCY;ALL_UNCODEABLE,CORRECT,UNCODEABLE,,Semantically defensible at the proposed PSIC hierarchy level.
fsq,[Sports and Recreation > Basketball > Basketball Court],1843,0.0023154255332514203,psic,rev5,,,exact,,,category,operation of courts for basketball volleyball badminton tennis and pickleball,93112,"Operation of courts for basketball, volleyball, badminton, tennis and pickleball",EXACT,93112,93112,"Operation of courts for basketball, volleyball, badminton, tennis and pickleball",0.961711,0.961711,semantic:fsq:sports_court;retrieval:strong_separated_hit,REVIEW_REQUIRED,1843,HIGH_FREQUENCY;STRATIFIED_KIND_SOURCE_FREQ,CORRECT,EXACT,93112,Semantically defensible at the proposed PSIC hierarchy level.
fsq,[Sports and Recreation > Gym and Studio > Gym],1790,0.002248839774563235,psic,rev5,,,exact,,,category,operation of fitness centers,93111,Operation of fitness centers,EXACT,93111,93111,Operation of fitness centers,1.000000,1.000000,semantic:fsq:fitness;retrieval:strong_separated_hit,REVIEW_REQUIRED,1790,HIGH_FREQUENCY,CORRECT,EXACT,93111,Semantically defensible at the proposed PSIC hierarchy level.
fsq,[Dining and Drinking > Dessert Shop],1770,0.002223713073171467,psic,rev5,,,exact,,,category,food and beverage service activities,56,Food and Beverage Service Activities,SUBTREE,56,56|5640|56400|564|56290,Food and Beverage Service Activities || Intermediation service activities for food and beverage services activities || Intermediation service activities for food and beverage services activities || Intermediation service activities for food and beverage services activities || Other food service activities,1.000000|0.669798|0.669798|0.669798|0.442780,1.000000,semantic:fsq:dining;retrieval:strong_separated_hit,REVIEW_REQUIRED,1770,HIGH_FREQUENCY,CORRECT,SUBTREE,56,Semantically defensible at the proposed PSIC hierarchy level.
overture,flowers_and_gifts_store,1719,0.0021596399846224587,psic,rev5,,,exact,,,category,retail sale flowers and gifts,47,Retail Trade,EXACT,47735,47735|4721|47401|47217|47761,Retail sale of fresh and artificial flowers and plants || Retail sale of food || Retail sale of computers || Retail sale of salt || Retail sale of pet,0.516688|0.343074|0.323336|0.322745|0.317685,0.516688,semantic:overture:store_suffix;retrieval:strong_separated_hit,REVIEW_REQUIRED,1719,HIGH_FREQUENCY,TOO_NARROW,REVIEW,,Compound store category covers flowers and gifts; the flower-only leaf omits part of the source semantics.
osm,amenity=pharmacy | healthcare=pharmacy,1608,0.0020201867918981462,psic,rev5,,,exact,,,category,retail sale pharmaceutical medical goods,4772,"Retail sale of pharmaceutical and medical goods, cosmetic and toilet articles",SUBTREE,4772,4772|47721|47723|47724|47722,"Retail sale of pharmaceutical and medical goods, cosmetic and toilet articles || Retail sale of prescription and over-the-counter drugs and pharmaceutical goods || Retail sale of medical, orthopedic and dental instruments and supplies || Retail sale of perfumery, cosmetic and toilet articles || Retail sale of non-medicinal wellness and herbal products and supplements",0.591138|0.353173|0.238311|0.134616|0.129968,0.591138,semantic:osm:amenity=pharmacy;retrieval:strong_separated_hit,REVIEW_REQUIRED,1608,HIGH_FREQUENCY;STRATIFIED_KIND_SOURCE_FREQ,CORRECT,SUBTREE,4772,Semantically defensible at the proposed PSIC hierarchy level.
overture,pet_store,1535,0.0019284743318181933,psic,rev5,,,exact,,,category,retail sale pet,47,Retail Trade,EXACT,47761,47761|4776|47762|4721|47217,Retail sale of pet || Retail sale of pet and pet supplies || Retail sale of pet supplies || Retail sale of food || Retail sale of salt,0.851573|0.681373|0.662427|0.484394|0.457613,0.851573,semantic:overture:store_suffix;retrieval:strong_separated_hit,REVIEW_REQUIRED,1535,HIGH_FREQUENCY;STRATIFIED_KIND_SOURCE_FREQ,TOO_NARROW,SUBTREE,4776,Pet store can cover live pets and pet supplies; the live-pet leaf is narrower than the source category.
overture,park,1532,0.001924705326609428,psic,rev5,,,exact,,,category,park,,,NOT_ACTIVITY,,,,,,rule:high_precision_non_activity,REVIEW_REQUIRED,1532,HIGH_FREQUENCY;STRATIFIED_KIND_SOURCE_FREQ,CORRECT,NOT_ACTIVITY,,Semantically defensible at the proposed PSIC hierarchy level.
osm,office=company,1441,0.0018103788352768838,psic,rev5,,,exact,,,category,company professional service activities,,,UNCODEABLE,,,,,,rule:broad_ontology_bucket,REVIEW_REQUIRED,1441,HIGH_FREQUENCY;ALL_UNCODEABLE,CORRECT,UNCODEABLE,,Semantically defensible at the proposed PSIC hierarchy level.
osm,shop=bakery,1428,0.0017940464793722345,psic,rev5,,,exact,,,category,retail sale bakery products,47,Retail Trade,EXACT,47214,47214|4721|47217|47761|47219,"Retail sale of bakery products || Retail sale of food || Retail sale of salt || Retail sale of pet || Retail sale of food, n.e.c.",0.892837|0.360571|0.339736|0.334666|0.324423,0.892837,semantic:osm:shop=bakery;retrieval:strong_separated_hit,REVIEW_REQUIRED,1428,HIGH_FREQUENCY;STRATIFIED_KIND_SOURCE_FREQ,CORRECT,EXACT,47214,Semantically defensible at the proposed PSIC hierarchy level.
fsq,[Dining and Drinking > Food Truck],1274,0.0016005708786556209,psic,rev5,,,exact,,,category,food and beverage service activities,56,Food and Beverage Service Activities,SUBTREE,56,56|5640|56400|564|56290,Food and Beverage Service Activities || Intermediation service activities for food and beverage services activities || Intermediation service activities for food and beverage services activities || Intermediation service activities for food and beverage services activities || Other food service activities,1.000000|0.669798|0.669798|0.669798|0.442780,1.000000,semantic:fsq:dining;retrieval:strong_separated_hit,REVIEW_REQUIRED,1274,HIGH_FREQUENCY,CORRECT,SUBTREE,56,Semantically defensible at the proposed PSIC hierarchy level.
fsq,[Dining and Drinking > Breakfast Spot],1260,0.0015829821876813834,psic,rev5,,,exact,,,category,food and beverage service activities,56,Food and Beverage Service Activities,SUBTREE,56,56|5640|56400|564|56290,Food and Beverage Service Activities || Intermediation service activities for food and beverage services activities || Intermediation service activities for food and beverage services activities || Intermediation service activities for food and beverage services activities || Other food service activities,1.000000|0.669798|0.669798|0.669798|0.442780,1.000000,semantic:fsq:dining;retrieval:strong_separated_hit,REVIEW_REQUIRED,1260,HIGH_FREQUENCY,CORRECT,SUBTREE,56,Semantically defensible at the proposed PSIC hierarchy level.
fsq,[Dining and Drinking > Dessert Shop > Ice Cream Parlor],1241,0.0015591118213592037,psic,rev5,,,exact,,,category,food and beverage service activities,56,Food and Beverage Service Activities,SUBTREE,56,56|5640|56400|564|56290,Food and Beverage Service Activities || Intermediation service activities for food and beverage services activities || Intermediation service activities for food and beverage services activities || Intermediation service activities for food and beverage services activities || Other food service activities,1.000000|0.669798|0.669798|0.669798|0.442780,1.000000,semantic:fsq:dining;retrieval:strong_separated_hit,REVIEW_REQUIRED,1241,HIGH_FREQUENCY;STRATIFIED_KIND_SOURCE_FREQ,CORRECT,SUBTREE,56,Semantically defensible at the proposed PSIC hierarchy level.
fsq,[Dining and Drinking > Food Court],1227,0.0015415231303849662,psic,rev5,,,exact,,,category,food and beverage service activities,56,Food and Beverage Service Activities,SUBTREE,56,56|5640|56400|564|56290,Food and Beverage Service Activities || Intermediation service activities for food and beverage services activities || Intermediation service activities for food and beverage services activities || Intermediation service activities for food and beverage services activities || Other food service activities,1.000000|0.669798|0.669798|0.669798|0.442780,1.000000,semantic:fsq:dining;retrieval:strong_separated_hit,REVIEW_REQUIRED,1227,HIGH_FREQUENCY;STRATIFIED_KIND_SOURCE_FREQ,CORRECT,SUBTREE,56,Semantically defensible at the proposed PSIC hierarchy level.
osm,shop=supermarket,1166,0.0014648866911400739,psic,rev5,,,exact,,,category,retail selling in supermarkets and hypermarkets,4711,"Non-specialized retail sale with food, beverages or tobacco predominating",EXACT,47112,47112|47111|47114|47113|47115,Retail selling in supermarkets and hypermarkets || Retail selling in groceries || Retail selling in convenience stores || Retail selling in sari-sari stores || Retail selling in pasalubong stores or centers,1.000000|0.376115|0.315958|0.272130|0.265596,1.000000,semantic:osm:shop=supermarket;retrieval:strong_separated_hit,REVIEW_REQUIRED,1166,HIGH_FREQUENCY;STRATIFIED_KIND_SOURCE_FREQ,CORRECT,EXACT,47112,Semantically defensible at the proposed PSIC hierarchy level.
fsq,[Dining and Drinking > Donut Shop],1154,0.001449810670305013,psic,rev5,,,exact,,,category,food and beverage service activities,56,Food and Beverage Service Activities,SUBTREE,56,56|5640|56400|564|56290,Food and Beverage Service Activities || Intermediation service activities for food and beverage services activities || Intermediation service activities for food and beverage services activities || Intermediation service activities for food and beverage services activities || Other food service activities,1.000000|0.669798|0.669798|0.669798|0.442780,1.000000,semantic:fsq:dining;retrieval:strong_separated_hit,REVIEW_REQUIRED,1154,HIGH_FREQUENCY,CORRECT,SUBTREE,56,Semantically defensible at the proposed PSIC hierarchy level.
overture,insurance_agency,1100,0.0013819685765472395,psic,rev5,,,exact,,,category,insurance agency,,,SUBTREE,651,651|6511|65110|65201|6512,Insurance || Life insurance || Life insurance || Reinsurance for life insurance || Non-life insurance,0.706621|0.433535|0.433535|0.367505|0.348497,0.706621,semantic:raw_category;retrieval:strong_separated_hit,REVIEW_REQUIRED,1100,HIGH_FREQUENCY;STRATIFIED_KIND_SOURCE_FREQ,WRONG_CODE,REVIEW,,"Insurance agency is an auxiliary/intermediation activity, not the insurance-carrier branch selected here."
fsq,[Dining and Drinking > Food Stand],979,0.001229952033127043,psic,rev5,,,exact,,,category,food and beverage service activities,56,Food and Beverage Service Activities,SUBTREE,56,56|5640|56400|564|56290,Food and Beverage Service Activities || Intermediation service activities for food and beverage services activities || Intermediation service activities for food and beverage services activities || Intermediation service activities for food and beverage services activities || Other food service activities,1.000000|0.669798|0.669798|0.669798|0.442780,1.000000,semantic:fsq:dining;retrieval:strong_separated_hit,REVIEW_REQUIRED,979,HIGH_FREQUENCY,CORRECT,SUBTREE,56,Semantically defensible at the proposed PSIC hierarchy level.
osm,shop=clothes,950,0.0011935183161089795,psic,rev5,,,exact,,,category,retail sale garments clothing apparel,4771,"Retail sale of clothing, footwear and leather articles",EXACT,47711,47711|4771|47719|47712|47713,"Retail sale of garments, clothing, wearing apparel and clothing accessories || Retail sale of clothing, footwear and leather articles || Retail sale of clothing, footwear and leather articles, n.e.c. || Retail sale of footwear || Retail sale of leather goods and travel accessories of leather and leather substitutes",0.697789|0.311996|0.304685|0.244308|0.101870,0.697789,semantic:osm:shop=clothes;retrieval:strong_separated_hit,REVIEW_REQUIRED,950,HIGH_FREQUENCY;STRATIFIED_KIND_SOURCE_FREQ,CORRECT,EXACT,47711,Semantically defensible at the proposed PSIC hierarchy level.
overture,eyewear_store,895,0.0011244198872816175,psic,rev5,,,exact,,,category,retail sale eyewear,47,Retail Trade,EXACT,47736,47736|47712|4721|47217|47761,Retail sale of eyewear and related supplies and accessories || Retail sale of footwear || Retail sale of food || Retail sale of salt || Retail sale of pet,0.541952|0.402262|0.389575|0.365837|0.359786,0.541952,semantic:overture:store_suffix;retrieval:strong_separated_hit,REVIEW_REQUIRED,895,HIGH_FREQUENCY;STRATIFIED_KIND_SOURCE_FREQ,CORRECT,EXACT,47736,Semantically defensible at the proposed PSIC hierarchy level.
osm,shop=trade,869,0.0010917551754723192,psic,rev5,,,exact,,,category,retail sale trade,47,Retail Trade,SUBTREE,47,47|4721|47217|47761|47219,"Retail Trade || Retail sale of food || Retail sale of salt || Retail sale of pet || Retail sale of food, n.e.c.",0.687212|0.485936|0.457609|0.450661|0.438004,0.687212,semantic:osm:shop;retrieval:strong_separated_hit,REVIEW_REQUIRED,869,HIGH_FREQUENCY;STRATIFIED_KIND_SOURCE_FREQ,CORRECT,SUBTREE,47,Semantically defensible at the proposed PSIC hierarchy level.
fsq,[Landmarks and Outdoors > Park],761,0.000956070987956772,psic,rev5,,,exact,,,category,Landmarks and Outdoors Park,,,NOT_ACTIVITY,,,,,,rule:high_precision_non_activity,REVIEW_REQUIRED,761,HIGH_FREQUENCY;STRATIFIED_KIND_SOURCE_FREQ,CORRECT,NOT_ACTIVITY,,Semantically defensible at the proposed PSIC hierarchy level.
fsq,[Health and Medicine > Hospital > Hospital Unit],713,0.0008957669046165288,psic,rev5,,,exact,,,category,hospital activities,861,Hospital activities,SUBTREE,861,861|8611|8612|86129|86111,"Hospital activities || Public hospital activities || Private hospital activities || Private hospital activities, n.e.c. || Public general hospital activities",1.000000|0.759486|0.757450|0.723632|0.642941,1.000000,semantic:fsq:hospital;retrieval:strong_separated_hit,REVIEW_REQUIRED,713,HIGH_FREQUENCY;STRATIFIED_KIND_SOURCE_FREQ,CORRECT,SUBTREE,861,Semantically defensible at the proposed PSIC hierarchy level.
osm,leisure=pitch,683,0.0008580768525288769,psic,rev5,,,exact,,,category,pitch leisure,,,NOT_ACTIVITY,,,,,,rule:high_precision_non_activity,REVIEW_REQUIRED,683,HIGH_FREQUENCY;STRATIFIED_KIND_SOURCE_FREQ,CORRECT,NOT_ACTIVITY,,Semantically defensible at the proposed PSIC hierarchy level.
osm,leisure=park,671,0.000843000831693816,psic,rev5,,,exact,,,category,park leisure,,,NOT_ACTIVITY,,,,,,rule:high_precision_non_activity,REVIEW_REQUIRED,671,HIGH_FREQUENCY;STRATIFIED_KIND_SOURCE_FREQ,CORRECT,NOT_ACTIVITY,,Semantically defensible at the proposed PSIC hierarchy level.
fsq,[Retail > Department Store],620,0.0007789277431448077,psic,rev5,,,exact,,,category,retail sale Department Store,47,Retail Trade,EXACT,47191,47191|4721|47217|47761|47219,"Retail selling in department stores || Retail sale of food || Retail sale of salt || Retail sale of pet || Retail sale of food, n.e.c.",0.541361|0.364212|0.340993|0.334857|0.334592,0.541361,semantic:fsq:retail;retrieval:strong_separated_hit,REVIEW_REQUIRED,620,HIGH_FREQUENCY;STRATIFIED_KIND_SOURCE_FREQ,CORRECT,EXACT,47191,Semantically defensible at the proposed PSIC hierarchy level.
osm,amenity=pharmacy,608,0.0007638517223097469,psic,rev5,,,exact,,,category,retail sale pharmaceutical medical goods,4772,"Retail sale of pharmaceutical and medical goods, cosmetic and toilet articles",SUBTREE,4772,4772|47721|47723|47724|47722,"Retail sale of pharmaceutical and medical goods, cosmetic and toilet articles || Retail sale of prescription and over-the-counter drugs and pharmaceutical goods || Retail sale of medical, orthopedic and dental instruments and supplies || Retail sale of perfumery, cosmetic and toilet articles || Retail sale of non-medicinal wellness and herbal products and supplements",0.591138|0.353173|0.238311|0.134616|0.129968,0.591138,semantic:osm:amenity=pharmacy;retrieval:strong_separated_hit,REVIEW_REQUIRED,608,HIGH_FREQUENCY;STRATIFIED_KIND_SOURCE_FREQ,CORRECT,SUBTREE,4772,Semantically defensible at the proposed PSIC hierarchy level.
overture,telecommunications_company,542,0.0006809336077169125,psic,rev5,,,exact,,,category,telecommunications company,,,SUBTREE,61,61|619|61900|6190|61201,"Telecommunications || Other telecommunication activities || Other telecommunication activities || Other telecommunication activities || Intermediation services for wired, wireless and satellite telecommunications activities",0.732904|0.272593|0.272593|0.272593|0.267938,0.732904,semantic:raw_category;retrieval:strong_separated_hit,REVIEW_REQUIRED,542,HIGH_FREQUENCY;STRATIFIED_KIND_SOURCE_FREQ,CORRECT,SUBTREE,61,Semantically defensible at the proposed PSIC hierarchy level.
osm,man_made=bridge,495,0.0006218858594462577,psic,rev5,,,exact,,,category,bridge man made,,,NOT_ACTIVITY,,,,,,rule:high_precision_non_activity,REVIEW_REQUIRED,495,HIGH_FREQUENCY;STRATIFIED_KIND_SOURCE_FREQ,CORRECT,NOT_ACTIVITY,,Semantically defensible at the proposed PSIC hierarchy level.
overture,beach,478,0.0006005281632632549,psic,rev5,,,exact,,,category,beach,,,NOT_ACTIVITY,,,,,,rule:high_precision_non_activity,REVIEW_REQUIRED,478,HIGH_FREQUENCY;STRATIFIED_KIND_SOURCE_FREQ,CORRECT,NOT_ACTIVITY,,Semantically defensible at the proposed PSIC hierarchy level.
overture,department_store,437,0.0005490184254101306,psic,rev5,,,exact,,,category,retail sale department,47,Retail Trade,EXACT,47191,47191|4721|47217|47761|47219,"Retail selling in department stores || Retail sale of food || Retail sale of salt || Retail sale of pet || Retail sale of food, n.e.c.",0.511891|0.380002|0.356460|0.350377|0.346930,0.511891,semantic:overture:store_suffix;retrieval:strong_separated_hit,REVIEW_REQUIRED,437,HIGH_FREQUENCY,CORRECT,EXACT,47191,Semantically defensible at the proposed PSIC hierarchy level.
fsq,[Business and Professional Services > Food and Beverage Service],378,0.000474894656304415,psic,rev5,,,exact,,,category,Business and Professional Services Food and Beverage Service,,,SUBTREE,56,56|5640|564|56400|56290,Food and Beverage Service Activities || Intermediation service activities for food and beverage services activities || Intermediation service activities for food and beverage services activities || Intermediation service activities for food and beverage services activities || Other food service activities,0.667610|0.478721|0.478721|0.478721|0.249419,0.667610,semantic:raw_category;retrieval:strong_separated_hit,REVIEW_REQUIRED,378,HIGH_FREQUENCY,CORRECT,SUBTREE,56,Semantically defensible at the proposed PSIC hierarchy level.
overture,architectural_designer,362,0.0004547932951910006,psic,rev5,,,exact,,,category,architectural designer,,,EXACT,71101,71101|7110|711|71109|71,"Architectural consulting activities || Architectural and engineering, and related technical consultancy activities || Architectural and engineering, and related technical consultancy activities || Architectural and engineering and related technical consultancy activities, n.e.c. || Architectural and Engineering Activities; Technical Testing and Analysis",0.537116|0.360967|0.360967|0.358059|0.341465,0.537116,semantic:raw_category;retrieval:strong_separated_hit,REVIEW_REQUIRED,362,HIGH_FREQUENCY;STRATIFIED_KIND_SOURCE_FREQ,CORRECT,EXACT,71101,Semantically defensible at the proposed PSIC hierarchy level.
fsq,[Dining and Drinking > Dessert Shop > Cupcake Shop],359,0.00045102428998223545,psic,rev5,,,exact,,,category,food and beverage service activities,56,Food and Beverage Service Activities,SUBTREE,56,56|5640|56400|564|56290,Food and Beverage Service Activities || Intermediation service activities for food and beverage services activities || Intermediation service activities for food and beverage services activities || Intermediation service activities for food and beverage services activities || Other food service activities,1.000000|0.669798|0.669798|0.669798|0.442780,1.000000,semantic:fsq:dining;retrieval:strong_separated_hit,REVIEW_REQUIRED,359,HIGH_FREQUENCY,CORRECT,SUBTREE,56,Semantically defensible at the proposed PSIC hierarchy level.
fsq,[Landmarks and Outdoors > Bridge],340,0.0004271539236600558,psic,rev5,,,exact,,,category,Landmarks and Outdoors Bridge,,,NOT_ACTIVITY,,,,,,rule:high_precision_non_activity,REVIEW_REQUIRED,340,HIGH_FREQUENCY;STRATIFIED_KIND_SOURCE_FREQ,CORRECT,NOT_ACTIVITY,,Semantically defensible at the proposed PSIC hierarchy level.
fsq,[Dining and Drinking > Dessert Shop > Frozen Yogurt Shop],323,0.000405796227477053,psic,rev5,,,exact,,,category,food and beverage service activities,56,Food and Beverage Service Activities,SUBTREE,56,56|5640|56400|564|56290,Food and Beverage Service Activities || Intermediation service activities for food and beverage services activities || Intermediation service activities for food and beverage services activities || Intermediation service activities for food and beverage services activities || Other food service activities,1.000000|0.669798|0.669798|0.669798|0.442780,1.000000,semantic:fsq:dining;retrieval:strong_separated_hit,REVIEW_REQUIRED,323,HIGH_FREQUENCY;STRATIFIED_KIND_SOURCE_FREQ,CORRECT,SUBTREE,56,Semantically defensible at the proposed PSIC hierarchy level.
overture,pharmaceutical_company,321,0.00040328355733787626,psic,rev5,,,exact,,,category,pharmaceutical company,,,SUBTREE,21,21|21003|2100|210|21009,"Manufacture of Basic Pharmaceutical Products and Pharmaceutical Preparations || Preparation of botanical products for pharmaceutical use || Manufacture of pharmaceuticals, medicinal chemical and botanical products || Manufacture of pharmaceuticals, medicinal chemical and botanical products || Manufacture of pharmaceuticals, medicinal chemical and botanical products, n.e.c",0.453953|0.321000|0.189870|0.189870|0.182189,0.453953,semantic:raw_category;retrieval:strong_separated_hit,REVIEW_REQUIRED,321,HIGH_FREQUENCY;STRATIFIED_KIND_SOURCE_FREQ,TOO_NARROW,REVIEW,,A generic pharmaceutical company need not be a manufacturer; manufacturing branch 21 is only one possibility.
fsq,['Retail > Fashion Retail > Children\'s Clothing Store'],318,0.00039951455212911105,psic,rev5,,,exact,,,category,retail sale garments clothing apparel,4771,"Retail sale of clothing, footwear and leather articles",EXACT,47711,47711|4771|47719|47712|47713,"Retail sale of garments, clothing, wearing apparel and clothing accessories || Retail sale of clothing, footwear and leather articles || Retail sale of clothing, footwear and leather articles, n.e.c. || Retail sale of footwear || Retail sale of leather goods and travel accessories of leather and leather substitutes",0.697789|0.311996|0.304685|0.244308|0.101870,0.697789,semantic:fsq:retail_clothing;retrieval:strong_separated_hit,REVIEW_REQUIRED,318,HIGH_FREQUENCY;STRATIFIED_KIND_SOURCE_FREQ,CORRECT,EXACT,47711,Semantically defensible at the proposed PSIC hierarchy level.
osm,shop=pet,301,0.00037815685594610825,psic,rev5,,,exact,,,category,retail sale pet,47,Retail Trade,EXACT,47761,47761|4776|47762|4721|47217,Retail sale of pet || Retail sale of pet and pet supplies || Retail sale of pet supplies || Retail sale of food || Retail sale of salt,0.851573|0.681373|0.662427|0.484394|0.457613,0.851573,semantic:osm:shop;retrieval:strong_separated_hit,REVIEW_REQUIRED,301,HIGH_FREQUENCY;STRATIFIED_KIND_SOURCE_FREQ,TOO_NARROW,SUBTREE,4776,OSM pet shop can cover pets and supplies; the live-pet leaf is too narrow.
fsq,"[Travel and Transportation > Road > Intersection, Travel and Transportation > Road]",298,0.00037438785073734305,psic,rev5,,,exact,,,category,"Travel and Transportation Road Intersection, Travel and Transportation Road",,,NOT_ACTIVITY,,,,,,rule:high_precision_non_activity,REVIEW_REQUIRED,298,HIGH_FREQUENCY,CORRECT,NOT_ACTIVITY,,Semantically defensible at the proposed PSIC hierarchy level.
fsq,[Sports and Recreation > Racquet Sports > Tennis > Tennis Court],291,0.00036559350525022425,psic,rev5,,,exact,,,category,operation of courts for basketball volleyball badminton tennis and pickleball,93112,"Operation of courts for basketball, volleyball, badminton, tennis and pickleball",EXACT,93112,93112,"Operation of courts for basketball, volleyball, badminton, tennis and pickleball",0.961711,0.961711,semantic:fsq:sports_court;retrieval:strong_separated_hit,REVIEW_REQUIRED,291,HIGH_FREQUENCY,CORRECT,EXACT,93112,Semantically defensible at the proposed PSIC hierarchy level.
fsq,"[Retail > Pharmacy, Retail > Drugstore]",266,0.00033418512851051427,psic,rev5,,,exact,,,category,retail sale pharmaceutical medical goods,4772,"Retail sale of pharmaceutical and medical goods, cosmetic and toilet articles",SUBTREE,4772,4772|47721|47723|47724|47722,"Retail sale of pharmaceutical and medical goods, cosmetic and toilet articles || Retail sale of prescription and over-the-counter drugs and pharmaceutical goods || Retail sale of medical, orthopedic and dental instruments and supplies || Retail sale of perfumery, cosmetic and toilet articles || Retail sale of non-medicinal wellness and herbal products and supplements",0.591138|0.353173|0.238311|0.134616|0.129968,0.591138,semantic:fsq:retail_pharmacy;retrieval:strong_separated_hit,REVIEW_REQUIRED,266,HIGH_FREQUENCY,CORRECT,SUBTREE,4772,Semantically defensible at the proposed PSIC hierarchy level.
overture,souvenir_store,261,0.0003279034531625723,psic,rev5,,,exact,,,category,retail sale souvenir,47,Retail Trade,EXACT,47193,47193|4721|47217|47761|47219,"Retail sale in handicraft and souvenir products || Retail sale of food || Retail sale of salt || Retail sale of pet || Retail sale of food, n.e.c.",0.553229|0.383498|0.359409|0.353115|0.351171,0.553229,semantic:overture:store_suffix;retrieval:strong_separated_hit,REVIEW_REQUIRED,261,HIGH_FREQUENCY,CORRECT,EXACT,47193,Semantically defensible at the proposed PSIC hierarchy level.
fsq,[Landmarks and Outdoors > Beach],246,0.00030905842711874626,psic,rev5,,,exact,,,category,Landmarks and Outdoors Beach,,,NOT_ACTIVITY,,,,,,rule:high_precision_non_activity,REVIEW_REQUIRED,246,HIGH_FREQUENCY;STRATIFIED_KIND_SOURCE_FREQ,CORRECT,NOT_ACTIVITY,,Semantically defensible at the proposed PSIC hierarchy level.
osm,tourism=artwork,243,0.00030528942190998106,psic,rev5,,,exact,,,category,artwork tourism,,,NOT_ACTIVITY,,,,,,rule:high_precision_non_activity,REVIEW_REQUIRED,243,HIGH_FREQUENCY;STRATIFIED_KIND_SOURCE_FREQ,CORRECT,NOT_ACTIVITY,,Semantically defensible at the proposed PSIC hierarchy level.
overture,jewelry_and_watches_manufacturer,231,0.0002902134010749203,psic,rev5,,,exact,,,category,jewelry and watches manufacturer,,,EXACT,32119,32119|2652|26520|32113|32111,"Manufacture of jewelry and related articles, n.e.c. || Manufacture of watches and clocks || Manufacture of watches and clocks || Manufacture of other jewelry and jewelry parts made of precious metals, precious and semi-precious stones and other related materials || Production of worked pearls and pearl jewelry",0.521006|0.357780|0.357780|0.337886|0.235777,0.521006,semantic:raw_category;retrieval:strong_separated_hit,REVIEW_REQUIRED,231,HIGH_FREQUENCY;STRATIFIED_KIND_SOURCE_FREQ,TOO_NARROW,REVIEW,,"Compound manufacturer category spans jewelry and watches, which are different PSIC classes."
fsq,"[Business and Professional Services > Office, Landmarks and Outdoors > Structure]",224,0.0002814190555878015,psic,rev5,,,exact,,,category,"Business and Professional Services Office, Landmarks and Outdoors Structure",,,NOT_ACTIVITY,,,,,,rule:high_precision_non_activity,REVIEW_REQUIRED,224,HIGH_FREQUENCY;STRATIFIED_KIND_SOURCE_FREQ,WRONG_KIND,REVIEW,,A clear economic/service activity is present alongside the non-activity label; the whole combined value should not be forced to NOT_ACTIVITY.
overture,aquatic_pet_store,222,0.00027890638544862467,psic,rev5,,,exact,,,category,retail sale aquatic pet,47,Retail Trade,EXACT,47761,47761|4776|47762|4721|47217,Retail sale of pet || Retail sale of pet and pet supplies || Retail sale of pet supplies || Retail sale of food || Retail sale of salt,0.606131|0.485352|0.473551|0.342971|0.322897,0.606131,semantic:overture:store_suffix;retrieval:strong_separated_hit,REVIEW_REQUIRED,222,HIGH_FREQUENCY;STRATIFIED_KIND_SOURCE_FREQ,TOO_NARROW,SUBTREE,4776,Aquatic pet stores can sell live pets and supplies; the live-pet leaf is too narrow.
osm,shop=department_store,211,0.0002650866996831523,psic,rev5,,,exact,,,category,retail sale department store,47,Retail Trade,EXACT,47191,47191|4721|47217|47761|47219,"Retail selling in department stores || Retail sale of food || Retail sale of salt || Retail sale of pet || Retail sale of food, n.e.c.",0.541361|0.364212|0.340993|0.334857|0.334592,0.541361,semantic:osm:shop;retrieval:strong_separated_hit,REVIEW_REQUIRED,211,HIGH_FREQUENCY;STRATIFIED_KIND_SOURCE_FREQ,CORRECT,EXACT,47191,Semantically defensible at the proposed PSIC hierarchy level.
fsq,[Sports and Recreation > Racquet Sports > Badminton Court],207,0.0002600613594047987,psic,rev5,,,exact,,,category,operation of courts for basketball volleyball badminton tennis and pickleball,93112,"Operation of courts for basketball, volleyball, badminton, tennis and pickleball",EXACT,93112,93112,"Operation of courts for basketball, volleyball, badminton, tennis and pickleball",0.961711,0.961711,semantic:fsq:sports_court;retrieval:strong_separated_hit,REVIEW_REQUIRED,207,HIGH_FREQUENCY;STRATIFIED_KIND_SOURCE_FREQ,CORRECT,EXACT,93112,Semantically defensible at the proposed PSIC hierarchy level.
fsq,"[Retail > Fashion Retail > Clothing Store, Retail > Boutique]",203,0.0002550360191264451,psic,rev5,,,exact,,,category,retail sale garments clothing apparel,4771,"Retail sale of clothing, footwear and leather articles",EXACT,47711,47711|4771|47719|47712|47713,"Retail sale of garments, clothing, wearing apparel and clothing accessories || Retail sale of clothing, footwear and leather articles || Retail sale of clothing, footwear and leather articles, n.e.c. || Retail sale of footwear || Retail sale of leather goods and travel accessories of leather and leather substitutes",0.697789|0.311996|0.304685|0.244308|0.101870,0.697789,semantic:fsq:retail_clothing;retrieval:strong_separated_hit,REVIEW_REQUIRED,203,HIGH_FREQUENCY;STRATIFIED_KIND_SOURCE_FREQ,CORRECT,EXACT,47711,Semantically defensible at the proposed PSIC hierarchy level.
fsq,[Dining and Drinking > Dessert Shop > Pastry Shop],181,0.0002273966475955003,psic,rev5,,,exact,,,category,food and beverage service activities,56,Food and Beverage Service Activities,SUBTREE,56,56|5640|56400|564|56290,Food and Beverage Service Activities || Intermediation service activities for food and beverage services activities || Intermediation service activities for food and beverage services activities || Intermediation service activities for food and beverage services activities || Other food service activities,1.000000|0.669798|0.669798|0.669798|0.442780,1.000000,semantic:fsq:dining;retrieval:strong_separated_hit,REVIEW_REQUIRED,181,HIGH_FREQUENCY;STRATIFIED_KIND_SOURCE_FREQ,CORRECT,SUBTREE,56,Semantically defensible at the proposed PSIC hierarchy level.
osm,amenity=hospital | healthcare=hospital,180,0.00022614031252591191,psic,rev5,,,exact,,,category,hospital activities,861,Hospital activities,SUBTREE,861,861|8611|8612|86129|86111,"Hospital activities || Public hospital activities || Private hospital activities || Private hospital activities, n.e.c. || Public general hospital activities",1.000000|0.759486|0.757450|0.723632|0.642941,1.000000,semantic:osm:amenity=hospital;retrieval:strong_separated_hit,REVIEW_REQUIRED,180,HIGH_FREQUENCY;STRATIFIED_KIND_SOURCE_FREQ,CORRECT,SUBTREE,861,Semantically defensible at the proposed PSIC hierarchy level.
overture,bridge,172,0.0002160896319692047,psic,rev5,,,exact,,,category,bridge,,,NOT_ACTIVITY,,,,,,rule:high_precision_non_activity,REVIEW_REQUIRED,172,HIGH_FREQUENCY;STRATIFIED_KIND_SOURCE_FREQ,CORRECT,NOT_ACTIVITY,,Semantically defensible at the proposed PSIC hierarchy level.
fsq,[Dining and Drinking > Brewery],160,0.0002010136111341439,psic,rev5,,,exact,,,category,food and beverage service activities,56,Food and Beverage Service Activities,SUBTREE,56,56|5640|56400|564|56290,Food and Beverage Service Activities || Intermediation service activities for food and beverage services activities || Intermediation service activities for food and beverage services activities || Intermediation service activities for food and beverage services activities || Other food service activities,1.000000|0.669798|0.669798|0.669798|0.442780,1.000000,semantic:fsq:dining;retrieval:strong_separated_hit,REVIEW_REQUIRED,160,HIGH_FREQUENCY,CORRECT,SUBTREE,56,Semantically defensible at the proposed PSIC hierarchy level.
overture,solar_installation,159,0.00019975727606455553,psic,rev5,,,exact,,,category,solar installation,,,EXACT,43211,43211|4321|4329|43290|43219,"Installation of solar panels || Electrical installation || Other construction installation || Other construction installation || Electrical installation, n.e.c.",0.664731|0.439951|0.412831|0.412831|0.409823,0.664731,semantic:raw_category;retrieval:strong_separated_hit,REVIEW_REQUIRED,159,HIGH_FREQUENCY;STRATIFIED_KIND_SOURCE_FREQ,CORRECT,EXACT,43211,Semantically defensible at the proposed PSIC hierarchy level.
fsq,[Dining and Drinking > Dessert Shop > Waffle Shop],147,0.00018468125522949473,psic,rev5,,,exact,,,category,food and beverage service activities,56,Food and Beverage Service Activities,SUBTREE,56,56|5640|56400|564|56290,Food and Beverage Service Activities || Intermediation service activities for food and beverage services activities || Intermediation service activities for food and beverage services activities || Intermediation service activities for food and beverage services activities || Other food service activities,1.000000|0.669798|0.669798|0.669798|0.442780,1.000000,semantic:fsq:dining;retrieval:strong_separated_hit,REVIEW_REQUIRED,147,HIGH_FREQUENCY,CORRECT,SUBTREE,56,Semantically defensible at the proposed PSIC hierarchy level.
fsq,"[Business and Professional Services > Health and Beauty Service > Massage Clinic, Business and Professional Services > Health and Beauty Service > Spa]",141,0.00017714324481196434,psic,rev5,,,exact,,,category,hairdressing beauty treatment day spa activities,962,"Hairdressing, beauty treatment, day spa and similar activities",SUBTREE,962,962|9622|96220|9621|96211,"Hairdressing, beauty treatment, day spa and similar activities || Beauty care and other beauty treatment activities || Beauty care and other beauty treatment activities || Hairdressing and barber activities || Hairdressing activities, other than barber activities",0.860616|0.466881|0.466881|0.296729|0.262443,0.860616,semantic:fsq:beauty;retrieval:strong_separated_hit,REVIEW_REQUIRED,141,HIGH_FREQUENCY,CORRECT,SUBTREE,962,Semantically defensible at the proposed PSIC hierarchy level.
fsq,"[Business and Professional Services > Health and Beauty Service > Spa, Business and Professional Services > Health and Beauty Service > Massage Clinic]",141,0.00017714324481196434,psic,rev5,,,exact,,,category,hairdressing beauty treatment day spa activities,962,"Hairdressing, beauty treatment, day spa and similar activities",SUBTREE,962,962|9622|96220|9621|96211,"Hairdressing, beauty treatment, day spa and similar activities || Beauty care and other beauty treatment activities || Beauty care and other beauty treatment activities || Hairdressing and barber activities || Hairdressing activities, other than barber activities",0.860616|0.466881|0.466881|0.296729|0.262443,0.860616,semantic:fsq:beauty;retrieval:strong_separated_hit,REVIEW_REQUIRED,141,HIGH_FREQUENCY,CORRECT,SUBTREE,962,Semantically defensible at the proposed PSIC hierarchy level.
fsq,[Dining and Drinking > Bagel Shop],137,0.00017211790453361072,psic,rev5,,,exact,,,category,food and beverage service activities,56,Food and Beverage Service Activities,SUBTREE,56,56|5640|56400|564|56290,Food and Beverage Service Activities || Intermediation service activities for food and beverage services activities || Intermediation service activities for food and beverage services activities || Intermediation service activities for food and beverage services activities || Other food service activities,1.000000|0.669798|0.669798|0.669798|0.442780,1.000000,semantic:fsq:dining;retrieval:strong_separated_hit,REVIEW_REQUIRED,137,HIGH_FREQUENCY,CORRECT,SUBTREE,56,Semantically defensible at the proposed PSIC hierarchy level.
fsq,"[Business and Professional Services > Health and Beauty Service > Hair Salon, Business and Professional Services > Health and Beauty Service > Nail Salon]",134,0.00016834889932484555,psic,rev5,,,exact,,,category,hairdressing beauty treatment day spa activities,962,"Hairdressing, beauty treatment, day spa and similar activities",SUBTREE,962,962|9622|96220|9621|96211,"Hairdressing, beauty treatment, day spa and similar activities || Beauty care and other beauty treatment activities || Beauty care and other beauty treatment activities || Hairdressing and barber activities || Hairdressing activities, other than barber activities",0.860616|0.466881|0.466881|0.296729|0.262443,0.860616,semantic:fsq:beauty;retrieval:strong_separated_hit,REVIEW_REQUIRED,134,HIGH_FREQUENCY;STRATIFIED_KIND_SOURCE_FREQ,CORRECT,SUBTREE,962,Semantically defensible at the proposed PSIC hierarchy level.
fsq,"[Sports and Recreation > Gym and Studio, Sports and Recreation > Gym and Studio > Gym]",132,0.00016583622918566872,psic,rev5,,,exact,,,category,operation of fitness centers,93111,Operation of fitness centers,EXACT,93111,93111,Operation of fitness centers,1.000000,1.000000,semantic:fsq:fitness;retrieval:strong_separated_hit,REVIEW_REQUIRED,132,HIGH_FREQUENCY;STRATIFIED_KIND_SOURCE_FREQ,CORRECT,EXACT,93111,Semantically defensible at the proposed PSIC hierarchy level.
fsq,[Dining and Drinking > Winery],130,0.00016332355904649193,psic,rev5,,,exact,,,category,food and beverage service activities,56,Food and Beverage Service Activities,SUBTREE,56,56|5640|56400|564|56290,Food and Beverage Service Activities || Intermediation service activities for food and beverage services activities || Intermediation service activities for food and beverage services activities || Intermediation service activities for food and beverage services activities || Other food service activities,1.000000|0.669798|0.669798|0.669798|0.442780,1.000000,semantic:fsq:dining;retrieval:strong_separated_hit,REVIEW_REQUIRED,130,HIGH_FREQUENCY;STRATIFIED_KIND_SOURCE_FREQ,CORRECT,SUBTREE,56,Semantically defensible at the proposed PSIC hierarchy level.
fsq,[Sports and Recreation > Volleyball Court],130,0.00016332355904649193,psic,rev5,,,exact,,,category,operation of courts for basketball volleyball badminton tennis and pickleball,93112,"Operation of courts for basketball, volleyball, badminton, tennis and pickleball",EXACT,93112,93112,"Operation of courts for basketball, volleyball, badminton, tennis and pickleball",0.961711,0.961711,semantic:fsq:sports_court;retrieval:strong_separated_hit,REVIEW_REQUIRED,130,HIGH_FREQUENCY;STRATIFIED_KIND_SOURCE_FREQ,CORRECT,EXACT,93112,Semantically defensible at the proposed PSIC hierarchy level.
fsq,"[Business and Professional Services > Health and Beauty Service > Nail Salon, Business and Professional Services > Health and Beauty Service > Spa]",129,0.00016206722397690354,psic,rev5,,,exact,,,category,hairdressing beauty treatment day spa activities,962,"Hairdressing, beauty treatment, day spa and similar activities",SUBTREE,962,962|9622|96220|9621|96211,"Hairdressing, beauty treatment, day spa and similar activities || Beauty care and other beauty treatment activities || Beauty care and other beauty treatment activities || Hairdressing and barber activities || Hairdressing activities, other than barber activities",0.860616|0.466881|0.466881|0.296729|0.262443,0.860616,semantic:fsq:beauty;retrieval:strong_separated_hit,REVIEW_REQUIRED,129,HIGH_FREQUENCY,CORRECT,SUBTREE,962,Semantically defensible at the proposed PSIC hierarchy level.
osm,shop=motorcycle_parts,126,0.00015829821876813834,psic,rev5,,,exact,,,category,retail sale motorcycle parts,47,Retail Trade,EXACT,47832,47832|47831|4783|478|4782,"Retail sale of motorcycle parts and accessories || Retail sale of motorcycles || Retail sale of motorcycles, motorcycles parts and accessories || Retail sale of motor vehicles, motorcycles and related parts and accessories || Retail sale of motor vehicle parts and accessories",0.753246|0.503675|0.472191|0.409470|0.396023,0.753246,semantic:osm:shop;retrieval:strong_separated_hit,REVIEW_REQUIRED,126,HIGH_FREQUENCY;STRATIFIED_KIND_SOURCE_FREQ,CORRECT,EXACT,47832,Semantically defensible at the proposed PSIC hierarchy level.
fsq,"[Retail > Drugstore, Retail > Pharmacy]",121,0.00015201654342019634,psic,rev5,,,exact,,,category,retail sale pharmaceutical medical goods,4772,"Retail sale of pharmaceutical and medical goods, cosmetic and toilet articles",SUBTREE,4772,4772|47721|47723|47724|47722,"Retail sale of pharmaceutical and medical goods, cosmetic and toilet articles || Retail sale of prescription and over-the-counter drugs and pharmaceutical goods || Retail sale of medical, orthopedic and dental instruments and supplies || Retail sale of perfumery, cosmetic and toilet articles || Retail sale of non-medicinal wellness and herbal products and supplements",0.591138|0.353173|0.238311|0.134616|0.129968,0.591138,semantic:fsq:retail_pharmacy;retrieval:strong_separated_hit,REVIEW_REQUIRED,121,HIGH_FREQUENCY,CORRECT,SUBTREE,4772,Semantically defensible at the proposed PSIC hierarchy level.
fsq,"[Dining and Drinking > Snack Place, Dining and Drinking > Food Stand]",114,0.00014322219793307754,psic,rev5,,,exact,,,category,food and beverage service activities,56,Food and Beverage Service Activities,SUBTREE,56,56|5640|56400|564|56290,Food and Beverage Service Activities || Intermediation service activities for food and beverage services activities || Intermediation service activities for food and beverage services activities || Intermediation service activities for food and beverage services activities || Other food service activities,1.000000|0.669798|0.669798|0.669798|0.442780,1.000000,semantic:fsq:dining;retrieval:strong_separated_hit,REVIEW_REQUIRED,114,HIGH_FREQUENCY;STRATIFIED_KIND_SOURCE_FREQ,CORRECT,SUBTREE,56,Semantically defensible at the proposed PSIC hierarchy level.
overture,animal_shelter,110,0.00013819685765472395,psic,rev5,,,exact,,,category,animal shelter,,,SUBTREE,014,014|0162|01629|01623|01,"Animal production || Support activities for animal production || Support activities for animal production, n.e.c. || Farm management services for animal production || Crop and Animal Production, Hunting and Related Service Activities",0.537812|0.369026|0.353546|0.272032|0.249130,0.537812,semantic:raw_category;retrieval:strong_separated_hit,REVIEW_REQUIRED,110,STRATIFIED_KIND_SOURCE_FREQ,WRONG_CODE,REVIEW,,Animal shelter is not animal-production activity.
fsq,[Community and Government],109,0.00013694052258513554,psic,rev5,,,exact,,,category,Community and Government,,,UNCODEABLE,,,,,,rule:broad_ontology_bucket,REVIEW_REQUIRED,109,ALL_UNCODEABLE,CORRECT,UNCODEABLE,,Semantically defensible at the proposed PSIC hierarchy level.
fsq,"[Retail > Convenience Store, Retail > Food and Beverage Retail > Grocery Store]",107,0.00013442785244595874,psic,rev5,,,exact,,,category,retail selling in convenience stores,4711,"Non-specialized retail sale with food, beverages or tobacco predominating",EXACT,47114,47114|47113|47111|47115|47112,Retail selling in convenience stores || Retail selling in sari-sari stores || Retail selling in groceries || Retail selling in pasalubong stores or centers || Retail selling in supermarkets and hypermarkets,1.000000|0.446025|0.441785|0.432407|0.315958,1.000000,semantic:fsq:retail_convenience;retrieval:strong_separated_hit,REVIEW_REQUIRED,107,STRATIFIED_KIND_SOURCE_FREQ,TOO_NARROW,REVIEW,,Convenience-store code selects one component of a combined source value containing a different retail/service class.
fsq,"[Retail > Pharmacy, Retail > Cosmetics Store]",106,0.00013317151737637036,psic,rev5,,,exact,,,category,retail sale pharmaceutical medical goods,4772,"Retail sale of pharmaceutical and medical goods, cosmetic and toilet articles",SUBTREE,4772,4772|47721|47723|47724|47722,"Retail sale of pharmaceutical and medical goods, cosmetic and toilet articles || Retail sale of prescription and over-the-counter drugs and pharmaceutical goods || Retail sale of medical, orthopedic and dental instruments and supplies || Retail sale of perfumery, cosmetic and toilet articles || Retail sale of non-medicinal wellness and herbal products and supplements",0.591138|0.353173|0.238311|0.134616|0.129968,0.591138,semantic:fsq:retail_pharmacy;retrieval:strong_separated_hit,REVIEW_REQUIRED,106,STRATIFIED_KIND_SOURCE_FREQ,CORRECT,SUBTREE,4772,Semantically defensible at the proposed PSIC hierarchy level.
fsq,"[Community and Government > Residential Building > Apartment or Condo, Landmarks and Outdoors > Structure]",104,0.00013065884723719354,psic,rev5,,,exact,,,category,"Community and Government Residential Building Apartment or Condo, Landmarks and Outdoors Structure",,,NOT_ACTIVITY,,,,,,rule:high_precision_non_activity,REVIEW_REQUIRED,104,STRATIFIED_KIND_SOURCE_FREQ,CORRECT,NOT_ACTIVITY,,Semantically defensible at the proposed PSIC hierarchy level.
fsq,[Landmarks and Outdoors > River],100,0.00012563350695883995,psic,rev5,,,exact,,,category,Landmarks and Outdoors River,,,NOT_ACTIVITY,,,,,,rule:high_precision_non_activity,REVIEW_REQUIRED,100,STRATIFIED_KIND_SOURCE_FREQ,CORRECT,NOT_ACTIVITY,,Semantically defensible at the proposed PSIC hierarchy level.
osm,shop=gift,99,0.00012437717188925156,psic,rev5,,,exact,,,category,retail sale gift,47,Retail Trade,EXACT,47192,47192|4721|47217|47761|47219,"Retail sale of gift and novelty goods || Retail sale of food || Retail sale of salt || Retail sale of pet || Retail sale of food, n.e.c.",0.541456|0.418616|0.394283|0.388330|0.377104,0.541456,semantic:osm:shop;retrieval:strong_separated_hit,REVIEW_REQUIRED,99,STRATIFIED_KIND_SOURCE_FREQ,CORRECT,EXACT,47192,Semantically defensible at the proposed PSIC hierarchy level.
fsq,[Landmarks and Outdoors > Mountain],98,0.00012312083681966315,psic,rev5,,,exact,,,category,Landmarks and Outdoors Mountain,,,NOT_ACTIVITY,,,,,,rule:high_precision_non_activity,REVIEW_REQUIRED,98,STRATIFIED_KIND_SOURCE_FREQ,CORRECT,NOT_ACTIVITY,,Semantically defensible at the proposed PSIC hierarchy level.
osm,shop=beverages,97,0.00012186450175007475,psic,rev5,,,exact,,,category,retail sale beverages,47,Retail Trade,SUBTREE,4722,4722|47221|472|47222|4721,"Retail sale of beverages || Retail sale of alcoholic beverages || Retail sale of food, beverages and tobacco || Retail sale of non-alcoholic beverages || Retail sale of food",0.841095|0.596075|0.578825|0.541081|0.444428,0.841095,semantic:osm:shop;retrieval:strong_separated_hit,REVIEW_REQUIRED,97,STRATIFIED_KIND_SOURCE_FREQ,CORRECT,SUBTREE,4722,Semantically defensible at the proposed PSIC hierarchy level.
osm,amenity=hospital | healthcare=hospital | emergency=yes,93,0.00011683916147172115,psic,rev5,,,exact,,,category,hospital activities,861,Hospital activities,SUBTREE,861,861|8611|8612|86129|86111,"Hospital activities || Public hospital activities || Private hospital activities || Private hospital activities, n.e.c. || Public general hospital activities",1.000000|0.759486|0.757450|0.723632|0.642941,1.000000,semantic:osm:amenity=hospital;retrieval:strong_separated_hit,REVIEW_REQUIRED,93,STRATIFIED_KIND_SOURCE_FREQ,CORRECT,SUBTREE,861,Semantically defensible at the proposed PSIC hierarchy level.
osm,amenity=hospital,91,0.00011432649133254436,psic,rev5,,,exact,,,category,hospital activities,861,Hospital activities,SUBTREE,861,861|8611|8612|86129|86111,"Hospital activities || Public hospital activities || Private hospital activities || Private hospital activities, n.e.c. || Public general hospital activities",1.000000|0.759486|0.757450|0.723632|0.642941,1.000000,semantic:osm:amenity=hospital;retrieval:strong_separated_hit,REVIEW_REQUIRED,91,STRATIFIED_KIND_SOURCE_FREQ,CORRECT,SUBTREE,861,Semantically defensible at the proposed PSIC hierarchy level.
fsq,"[Retail > Convenience Store, Dining and Drinking > Snack Place]",85,0.00010678848091501396,psic,rev5,,,exact,,,category,retail selling in convenience stores,4711,"Non-specialized retail sale with food, beverages or tobacco predominating",EXACT,47114,47114|47113|47111|47115|47112,Retail selling in convenience stores || Retail selling in sari-sari stores || Retail selling in groceries || Retail selling in pasalubong stores or centers || Retail selling in supermarkets and hypermarkets,1.000000|0.446025|0.441785|0.432407|0.315958,1.000000,semantic:fsq:retail_convenience;retrieval:strong_separated_hit,REVIEW_REQUIRED,85,STRATIFIED_KIND_SOURCE_FREQ,TOO_NARROW,REVIEW,,Convenience-store code selects one component of a combined source value containing a different retail/service class.
fsq,[Retail > Leather Goods Store],81,0.00010176314063666037,psic,rev5,,,exact,,,category,retail sale Leather Goods Store,47,Retail Trade,EXACT,47713,47713|4773|4721|4771|4774,"Retail sale of leather goods and travel accessories of leather and leather substitutes || Retail sale of other new goods n.e.c. || Retail sale of food || Retail sale of clothing, footwear and leather articles || Retail sale of second-hand goods",0.527915|0.401333|0.353878|0.346033|0.339470,0.527915,semantic:fsq:retail;retrieval:strong_separated_hit,REVIEW_REQUIRED,81,STRATIFIED_KIND_SOURCE_FREQ,CORRECT,EXACT,47713,Semantically defensible at the proposed PSIC hierarchy level.
overture,monument,80,0.00010050680556707195,psic,rev5,,,exact,,,category,monument,,,NOT_ACTIVITY,,,,,,rule:high_precision_non_activity,REVIEW_REQUIRED,80,STRATIFIED_KIND_SOURCE_FREQ,CORRECT,NOT_ACTIVITY,,Semantically defensible at the proposed PSIC hierarchy level.
overture,water_park,77,9.673780035830676e-05,psic,rev5,,,exact,,,category,water park,,,SUBTREE,50,50|502|5021|50220|5022,Water Transport || Inland water transport || Inland passenger water transport || Inland freight water transport || Inland freight water transport,0.485405|0.341569|0.284429|0.281079|0.281079,0.485405,semantic:raw_category;retrieval:strong_separated_hit,REVIEW_REQUIRED,77,STRATIFIED_KIND_SOURCE_FREQ,WRONG_CODE,REVIEW,,"Water park is recreation/amusement, not water transport."
fsq,"[Health and Medicine > Medical Lab, Health and Medicine > Hospital > Hospital Unit]",62,7.789277431448077e-05,psic,rev5,,,exact,,,category,hospital activities,861,Hospital activities,SUBTREE,861,861|8611|8612|86129|86111,"Hospital activities || Public hospital activities || Private hospital activities || Private hospital activities, n.e.c. || Public general hospital activities",1.000000|0.759486|0.757450|0.723632|0.642941,1.000000,semantic:fsq:hospital;retrieval:strong_separated_hit,REVIEW_REQUIRED,62,STRATIFIED_KIND_SOURCE_FREQ,CORRECT,SUBTREE,861,Semantically defensible at the proposed PSIC hierarchy level.
overture,bowling_alley,62,7.789277431448077e-05,psic,rev5,,,exact,,,category,bowling alley,,,EXACT,32403,32403|10611|10612|10799|29103,"Manufacture of billiard, pool, bowling alley and similar games equipment || Rice milling || Corn milling || Manufacture of all other food products, n.e.c. || Manufacture of buses, trolleybuses and coaches",0.504160|0.032070|0.031116|0.027303|0.026667,0.504160,semantic:raw_category;retrieval:strong_separated_hit,REVIEW_REQUIRED,62,STRATIFIED_KIND_SOURCE_FREQ,WRONG_CODE,REVIEW,,"Lexical match selected manufacture of bowling equipment, but the source is a bowling-alley establishment/venue."
overture,antique_store,61,7.663643924489237e-05,psic,rev5,,,exact,,,category,retail sale antique,47,Retail Trade,EXACT,47743,47743|4721|47217|47219|4751,"Retail sale of antiques || Retail sale of food || Retail sale of salt || Retail sale of food, n.e.c. || Retail sale of textiles",0.645816|0.524567|0.489367|0.487486|0.484450,0.645816,semantic:overture:store_suffix;retrieval:strong_separated_hit,REVIEW_REQUIRED,61,STRATIFIED_KIND_SOURCE_FREQ,CORRECT,EXACT,47743,Semantically defensible at the proposed PSIC hierarchy level.
fsq,[Landmarks and Outdoors > Lake],56,7.035476389695037e-05,psic,rev5,,,exact,,,category,Landmarks and Outdoors Lake,,,NOT_ACTIVITY,,,,,,rule:high_precision_non_activity,REVIEW_REQUIRED,56,STRATIFIED_KIND_SOURCE_FREQ,CORRECT,NOT_ACTIVITY,,Semantically defensible at the proposed PSIC hierarchy level.
fsq,"[Retail > Pet Supplies Store, Business and Professional Services > Pet Service]",49,6.156041840983158e-05,psic,rev5,,,exact,,,category,retail sale Pet Service,47,Retail Trade,EXACT,47761,47761|4776|47762|4790|47900,Retail sale of pet || Retail sale of pet and pet supplies || Retail sale of pet supplies || Intermediation service activities for retail sale || Intermediation service activities for retail sale,0.753313|0.603016|0.587476|0.449038|0.449038,0.753313,semantic:fsq:retail;retrieval:strong_separated_hit,REVIEW_REQUIRED,49,STRATIFIED_KIND_SOURCE_FREQ,TOO_NARROW,REVIEW,,The combined source value spans pet retail/service activities; live-pet retail alone is incomplete.
fsq,"[Landmarks and Outdoors > Structure, Community and Government > Residential Building > Apartment or Condo]",46,5.7791413201066376e-05,psic,rev5,,,exact,,,category,"Landmarks and Outdoors Structure, Community and Government Residential Building Apartment or Condo",,,NOT_ACTIVITY,,,,,,rule:high_precision_non_activity,REVIEW_REQUIRED,46,STRATIFIED_KIND_SOURCE_FREQ,CORRECT,NOT_ACTIVITY,,Semantically defensible at the proposed PSIC hierarchy level.
fsq,"[Retail > Fashion Retail > Clothing Store, Retail > Fashion Retail > Fashion Accessories Store]",45,5.653507813147798e-05,psic,rev5,,,exact,,,category,retail sale garments clothing apparel,4771,"Retail sale of clothing, footwear and leather articles",EXACT,47711,47711|4771|47719|47712|47713,"Retail sale of garments, clothing, wearing apparel and clothing accessories || Retail sale of clothing, footwear and leather articles || Retail sale of clothing, footwear and leather articles, n.e.c. || Retail sale of footwear || Retail sale of leather goods and travel accessories of leather and leather substitutes",0.697789|0.311996|0.304685|0.244308|0.101870,0.697789,semantic:fsq:retail_clothing;retrieval:strong_separated_hit,REVIEW_REQUIRED,45,STRATIFIED_KIND_SOURCE_FREQ,CORRECT,EXACT,47711,Semantically defensible at the proposed PSIC hierarchy level.
osm,shop=pet_grooming,45,5.653507813147798e-05,psic,rev5,,,exact,,,category,retail sale pet grooming,47,Retail Trade,EXACT,47761,47761|4776|47762|4721|47217,Retail sale of pet || Retail sale of pet and pet supplies || Retail sale of pet supplies || Retail sale of food || Retail sale of salt,0.755558|0.605209|0.591454|0.426497|0.400903,0.755558,semantic:osm:shop;retrieval:strong_separated_hit,REVIEW_REQUIRED,45,STRATIFIED_KIND_SOURCE_FREQ,WRONG_CODE,REVIEW,,"Pet grooming is a service, not retail sale of live pets."
osm,shop=food,44,5.527874306188958e-05,psic,rev5,,,exact,,,category,retail sale food,47,Retail Trade,SUBTREE,4721,4721|47219|47217|47761|47712,"Retail sale of food || Retail sale of food, n.e.c. || Retail sale of salt || Retail sale of pet || Retail sale of footwear",0.841181|0.706975|0.497491|0.490128|0.486498,0.841181,semantic:osm:shop;retrieval:strong_separated_hit,REVIEW_REQUIRED,44,STRATIFIED_KIND_SOURCE_FREQ,CORRECT,SUBTREE,4721,Semantically defensible at the proposed PSIC hierarchy level.
fsq,"[Retail > Fashion Retail > Clothing Store, 'Retail > Fashion Retail > Women\'s Store']",42,5.276607292271278e-05,psic,rev5,,,exact,,,category,retail sale garments clothing apparel,4771,"Retail sale of clothing, footwear and leather articles",EXACT,47711,47711|4771|47719|47712|47713,"Retail sale of garments, clothing, wearing apparel and clothing accessories || Retail sale of clothing, footwear and leather articles || Retail sale of clothing, footwear and leather articles, n.e.c. || Retail sale of footwear || Retail sale of leather goods and travel accessories of leather and leather substitutes",0.697789|0.311996|0.304685|0.244308|0.101870,0.697789,semantic:fsq:retail_clothing;retrieval:strong_separated_hit,REVIEW_REQUIRED,42,STRATIFIED_KIND_SOURCE_FREQ,CORRECT,EXACT,47711,Semantically defensible at the proposed PSIC hierarchy level.
fsq,"[Dining and Drinking > Dessert Shop > Frozen Yogurt Shop, Dining and Drinking > Dessert Shop]",41,5.150973785312438e-05,psic,rev5,,,exact,,,category,food and beverage service activities,56,Food and Beverage Service Activities,SUBTREE,56,56|5640|56400|564|56290,Food and Beverage Service Activities || Intermediation service activities for food and beverage services activities || Intermediation service activities for food and beverage services activities || Intermediation service activities for food and beverage services activities || Other food service activities,1.000000|0.669798|0.669798|0.669798|0.442780,1.000000,semantic:fsq:dining;retrieval:strong_separated_hit,REVIEW_REQUIRED,41,STRATIFIED_KIND_SOURCE_FREQ,CORRECT,SUBTREE,56,Semantically defensible at the proposed PSIC hierarchy level.
fsq,"[Landmarks and Outdoors > States and Municipalities > Neighborhood, Community and Government > Housing Development]",37,4.6484397574770785e-05,psic,rev5,,,exact,,,category,"Landmarks and Outdoors States and Municipalities Neighborhood, Community and Government Housing Development",,,NOT_ACTIVITY,,,,,,rule:high_precision_non_activity,REVIEW_REQUIRED,37,STRATIFIED_KIND_SOURCE_FREQ,CORRECT,NOT_ACTIVITY,,Semantically defensible at the proposed PSIC hierarchy level.
osm,leisure=water_park,34,4.2715392366005585e-05,psic,rev5,,,exact,,,category,water park leisure,,,SUBTREE,50,50|502|5021|50220|5022,Water Transport || Inland water transport || Inland passenger water transport || Inland freight water transport || Inland freight water transport,0.463524|0.324975|0.270294|0.267428|0.267428,0.463524,semantic:raw_category;retrieval:strong_separated_hit,REVIEW_REQUIRED,34,STRATIFIED_KIND_SOURCE_FREQ,WRONG_CODE,REVIEW,,"Water park is recreation/amusement, not water transport."
fsq,"[Business and Professional Services > Health and Beauty Service > Spa, Business and Professional Services > Health and Beauty Service > Hair Salon]",31,3.8946387157240386e-05,psic,rev5,,,exact,,,category,hairdressing beauty treatment day spa activities,962,"Hairdressing, beauty treatment, day spa and similar activities",SUBTREE,962,962|9622|96220|9621|96211,"Hairdressing, beauty treatment, day spa and similar activities || Beauty care and other beauty treatment activities || Beauty care and other beauty treatment activities || Hairdressing and barber activities || Hairdressing activities, other than barber activities",0.860616|0.466881|0.466881|0.296729|0.262443,0.860616,semantic:fsq:beauty;retrieval:strong_separated_hit,REVIEW_REQUIRED,31,STRATIFIED_KIND_SOURCE_FREQ,CORRECT,SUBTREE,962,Semantically defensible at the proposed PSIC hierarchy level.
fsq,"['Retail > Fashion Retail > Women\'s Store', Retail > Fashion Retail > Clothing Store]",30,3.769005208765199e-05,psic,rev5,,,exact,,,category,retail sale garments clothing apparel,4771,"Retail sale of clothing, footwear and leather articles",EXACT,47711,47711|4771|47719|47712|47713,"Retail sale of garments, clothing, wearing apparel and clothing accessories || Retail sale of clothing, footwear and leather articles || Retail sale of clothing, footwear and leather articles, n.e.c. || Retail sale of footwear || Retail sale of leather goods and travel accessories of leather and leather substitutes",0.697789|0.311996|0.304685|0.244308|0.101870,0.697789,semantic:fsq:retail_clothing;retrieval:strong_separated_hit,REVIEW_REQUIRED,30,STRATIFIED_KIND_SOURCE_FREQ,CORRECT,EXACT,47711,Semantically defensible at the proposed PSIC hierarchy level.
fsq,"[Community and Government > Housing Development, Community and Government > Residential Building > Apartment or Condo]",30,3.769005208765199e-05,psic,rev5,,,exact,,,category,"Community and Government Housing Development, Community and Government Residential Building Apartment or Condo",,,NOT_ACTIVITY,,,,,,rule:high_precision_non_activity,REVIEW_REQUIRED,30,STRATIFIED_KIND_SOURCE_FREQ,CORRECT,NOT_ACTIVITY,,Semantically defensible at the proposed PSIC hierarchy level.
osm,amenity=fast_food | shop=bakery,30,3.769005208765199e-05,psic,rev5,,,exact,,,category,fast-food restaurant operations,561,Restaurants and mobile food service activities,EXACT,56102,56102|5610|561|56109|56103,"Fast-food restaurants operations, including quick service restaurant || Restaurants and mobile food service activities || Restaurants and mobile food service activities || Restaurants and mobile food service activities, n.e.c. || Activities of buffet restaurants",0.665390|0.220886|0.220886|0.211482|0.152129,0.665390,semantic:osm:amenity=fast_food;retrieval:strong_separated_hit,REVIEW_REQUIRED,30,STRATIFIED_KIND_SOURCE_FREQ,TOO_NARROW,REVIEW,,Multiple OSM activity tags are present; the exact proposal represents only one of them.
osm,amenity=pharmacy | shop=chemist | healthcare=pharmacy,30,3.769005208765199e-05,psic,rev5,,,exact,,,category,retail sale pharmaceutical medical goods,4772,"Retail sale of pharmaceutical and medical goods, cosmetic and toilet articles",SUBTREE,4772,4772|47721|47723|47724|47722,"Retail sale of pharmaceutical and medical goods, cosmetic and toilet articles || Retail sale of prescription and over-the-counter drugs and pharmaceutical goods || Retail sale of medical, orthopedic and dental instruments and supplies || Retail sale of perfumery, cosmetic and toilet articles || Retail sale of non-medicinal wellness and herbal products and supplements",0.591138|0.353173|0.238311|0.134616|0.129968,0.591138,semantic:osm:amenity=pharmacy;retrieval:strong_separated_hit,REVIEW_REQUIRED,30,STRATIFIED_KIND_SOURCE_FREQ,CORRECT,SUBTREE,4772,Semantically defensible at the proposed PSIC hierarchy level.
fsq,"[Business and Professional Services > Health and Beauty Service > Hair Removal Service, Business and Professional Services > Health and Beauty Service > Hair Salon]",28,3.5177381948475186e-05,psic,rev5,,,exact,,,category,hairdressing beauty treatment day spa activities,962,"Hairdressing, beauty treatment, day spa and similar activities",SUBTREE,962,962|9622|96220|9621|96211,"Hairdressing, beauty treatment, day spa and similar activities || Beauty care and other beauty treatment activities || Beauty care and other beauty treatment activities || Hairdressing and barber activities || Hairdressing activities, other than barber activities",0.860616|0.466881|0.466881|0.296729|0.262443,0.860616,semantic:fsq:beauty;retrieval:strong_separated_hit,REVIEW_REQUIRED,28,STRATIFIED_KIND_SOURCE_FREQ,CORRECT,SUBTREE,962,Semantically defensible at the proposed PSIC hierarchy level.
osm,shop=seafood,28,3.5177381948475186e-05,psic,rev5,,,exact,,,category,retail sale seafood,47,Retail Trade,EXACT,47215,47215|4721|47219|47217|47761,"Retail sale of fish, other seafood and seafood products || Retail sale of food || Retail sale of food, n.e.c. || Retail sale of salt || Retail sale of pet",0.670823|0.482417|0.395361|0.381718|0.375501,0.670823,semantic:osm:shop;retrieval:strong_separated_hit,REVIEW_REQUIRED,28,STRATIFIED_KIND_SOURCE_FREQ,CORRECT,EXACT,47215,Semantically defensible at the proposed PSIC hierarchy level.
fsq,"[Business and Professional Services > Health and Beauty Service > Spa, Business and Professional Services > Health and Beauty Service]",27,3.392104687888679e-05,psic,rev5,,,exact,,,category,hairdressing beauty treatment day spa activities,962,"Hairdressing, beauty treatment, day spa and similar activities",SUBTREE,962,962|9622|96220|9621|96211,"Hairdressing, beauty treatment, day spa and similar activities || Beauty care and other beauty treatment activities || Beauty care and other beauty treatment activities || Hairdressing and barber activities || Hairdressing activities, other than barber activities",0.860616|0.466881|0.466881|0.296729|0.262443,0.860616,semantic:fsq:beauty;retrieval:strong_separated_hit,REVIEW_REQUIRED,27,STRATIFIED_KIND_SOURCE_FREQ,CORRECT,SUBTREE,962,Semantically defensible at the proposed PSIC hierarchy level.
fsq,"[Retail > Fashion Retail > Shoe Store, Retail > Fashion Retail > Clothing Store]",27,3.392104687888679e-05,psic,rev5,,,exact,,,category,retail sale garments clothing apparel,4771,"Retail sale of clothing, footwear and leather articles",EXACT,47711,47711|4771|47719|47712|47713,"Retail sale of garments, clothing, wearing apparel and clothing accessories || Retail sale of clothing, footwear and leather articles || Retail sale of clothing, footwear and leather articles, n.e.c. || Retail sale of footwear || Retail sale of leather goods and travel accessories of leather and leather substitutes",0.697789|0.311996|0.304685|0.244308|0.101870,0.697789,semantic:fsq:retail_clothing;retrieval:strong_separated_hit,REVIEW_REQUIRED,27,STRATIFIED_KIND_SOURCE_FREQ,TOO_NARROW,REVIEW,,A clothing code matches one label but the combined Foursquare value contains another distinct activity/class.
fsq,"[Retail > Cosmetics Store, Retail > Pharmacy]",26,3.2664711809298384e-05,psic,rev5,,,exact,,,category,retail sale pharmaceutical medical goods,4772,"Retail sale of pharmaceutical and medical goods, cosmetic and toilet articles",SUBTREE,4772,4772|47721|47723|47724|47722,"Retail sale of pharmaceutical and medical goods, cosmetic and toilet articles || Retail sale of prescription and over-the-counter drugs and pharmaceutical goods || Retail sale of medical, orthopedic and dental instruments and supplies || Retail sale of perfumery, cosmetic and toilet articles || Retail sale of non-medicinal wellness and herbal products and supplements",0.591138|0.353173|0.238311|0.134616|0.129968,0.591138,semantic:fsq:retail_pharmacy;retrieval:strong_separated_hit,REVIEW_REQUIRED,26,STRATIFIED_KIND_SOURCE_FREQ,CORRECT,SUBTREE,4772,Semantically defensible at the proposed PSIC hierarchy level.
fsq,"[Landmarks and Outdoors > Bridge, Travel and Transportation > Road]",25,3.140837673970999e-05,psic,rev5,,,exact,,,category,"Landmarks and Outdoors Bridge, Travel and Transportation Road",,,NOT_ACTIVITY,,,,,,rule:high_precision_non_activity,REVIEW_REQUIRED,25,STRATIFIED_KIND_SOURCE_FREQ,CORRECT,NOT_ACTIVITY,,Semantically defensible at the proposed PSIC hierarchy level.
overture,lumber_store,24,3.015204167012159e-05,psic,rev5,,,exact,,,category,retail sale lumber,47,Retail Trade,EXACT,47523,47523|4721|47217|47761|47219,"Retail sale of lumber || Retail sale of food || Retail sale of salt || Retail sale of pet || Retail sale of food, n.e.c.",0.846855|0.428401|0.402768|0.396334|0.388239,0.846855,semantic:overture:store_suffix;retrieval:strong_separated_hit,REVIEW_REQUIRED,24,STRATIFIED_KIND_SOURCE_FREQ,CORRECT,EXACT,47523,Semantically defensible at the proposed PSIC hierarchy level.
fsq,"[Travel and Transportation > Lodging > Hotel, Community and Government > Residential Building > Apartment or Condo]",23,2.8895706600533188e-05,psic,rev5,,,exact,,,category,accommodation hotels and similar accommodation,,,NOT_ACTIVITY,,,,,,rule:high_precision_non_activity,REVIEW_REQUIRED,23,STRATIFIED_KIND_SOURCE_FREQ,WRONG_KIND,REVIEW,,A clear economic/service activity is present alongside the non-activity label; the whole combined value should not be forced to NOT_ACTIVITY.
fsq,[Dining and Drinking > Dessert Shop > Gelato Shop],23,2.8895706600533188e-05,psic,rev5,,,exact,,,category,food and beverage service activities,56,Food and Beverage Service Activities,SUBTREE,56,56|5640|56400|564|56290,Food and Beverage Service Activities || Intermediation service activities for food and beverage services activities || Intermediation service activities for food and beverage services activities || Intermediation service activities for food and beverage services activities || Other food service activities,1.000000|0.669798|0.669798|0.669798|0.442780,1.000000,semantic:fsq:dining;retrieval:strong_separated_hit,REVIEW_REQUIRED,23,STRATIFIED_KIND_SOURCE_FREQ,CORRECT,SUBTREE,56,Semantically defensible at the proposed PSIC hierarchy level.
overture,motorcycle_manufacturer,23,2.8895706600533188e-05,psic,rev5,,,exact,,,category,motorcycle manufacturer,,,EXACT,30915,30915|95340|9534|3091|9533,"Manufacture of motorcycle engines, including electric motors for motorcycle || Motor vehicle and motorcycle washing and detailing activities || Motor vehicle and motorcycle washing and detailing activities || Manufacture of motorcycles || Motor vehicle and motorcycle vulcanizing and preparing of tires",0.546642|0.376667|0.376667|0.351389|0.330185,0.546642,semantic:raw_category;retrieval:strong_separated_hit,REVIEW_REQUIRED,23,STRATIFIED_KIND_SOURCE_FREQ,TOO_NARROW,SUBTREE,3091,Motorcycle manufacturer is broader than manufacture of motorcycle engines alone.
osm,healthcare=dialysis,22,2.763937153094479e-05,psic,rev5,,,exact,,,category,dialysis healthcare,,,EXACT,86223,86223|86|869|7120|712,Private dialysis center activities || Human Health Activities || Other human health activities || Technical testing and analysis || Technical testing and analysis,0.481675|0.132515|0.126642|0.124346|0.124346,0.481675,semantic:raw_category;retrieval:strong_separated_hit,REVIEW_REQUIRED,22,STRATIFIED_KIND_SOURCE_FREQ,TOO_NARROW,REVIEW,,The source says dialysis but does not establish private ownership; the private-dialysis leaf overclaims.
fsq,"[Retail > Convenience Store, Retail > Food and Beverage Retail]",21,2.638303646135639e-05,psic,rev5,,,exact,,,category,retail selling in convenience stores,4711,"Non-specialized retail sale with food, beverages or tobacco predominating",EXACT,47114,47114|47113|47111|47115|47112,Retail selling in convenience stores || Retail selling in sari-sari stores || Retail selling in groceries || Retail selling in pasalubong stores or centers || Retail selling in supermarkets and hypermarkets,1.000000|0.446025|0.441785|0.432407|0.315958,1.000000,semantic:fsq:retail_convenience;retrieval:strong_separated_hit,REVIEW_REQUIRED,21,STRATIFIED_KIND_SOURCE_FREQ,CORRECT,EXACT,47114,Semantically defensible at the proposed PSIC hierarchy level.
osm,amenity=hospital | emergency=yes,18,2.261403125259119e-05,psic,rev5,,,exact,,,category,hospital activities,861,Hospital activities,SUBTREE,861,861|8611|8612|86129|86111,"Hospital activities || Public hospital activities || Private hospital activities || Private hospital activities, n.e.c. || Public general hospital activities",1.000000|0.759486|0.757450|0.723632|0.642941,1.000000,semantic:osm:amenity=hospital;retrieval:strong_separated_hit,REVIEW_REQUIRED,18,STRATIFIED_KIND_SOURCE_FREQ,CORRECT,SUBTREE,861,Semantically defensible at the proposed PSIC hierarchy level.
overture,telecommunications_service,17,2.1357696183002793e-05,psic,rev5,,,exact,,,category,telecommunications service,,,SUBTREE,61,61|6120|612|61201|K,"Telecommunications || Telecommunication reselling activities and intermediation service activities for telecommunication || Telecommunication reselling activities and intermediation service activities for telecommunication || Intermediation services for wired, wireless and satellite telecommunications activities || Telecommunications, Computer Programming, Consultancy, Computing Infrastructure, and Other Information Service Activities",0.887405|0.351802|0.351802|0.348461|0.344493,0.887405,semantic:raw_category;retrieval:strong_separated_hit,REVIEW_REQUIRED,17,STRATIFIED_KIND_SOURCE_FREQ,CORRECT,SUBTREE,61,Semantically defensible at the proposed PSIC hierarchy level.
osm,amenity=cafe | shop=bakery,15,1.8845026043825994e-05,psic,rev5,,,exact,,,category,operation of cafes or coffee shops,563,Beverage serving activities,EXACT,56302,56302|56303|56301|56304|5630,"Operation of cafés or coffee shops || Activities of tea shops || Operation of nightclubs, bars and cocktail lounges || Activities of beverage stands, kiosks and counters || Beverage serving activities",0.784830|0.296045|0.107429|0.008501|0.004505,0.784830,semantic:osm:amenity=cafe;retrieval:strong_separated_hit,REVIEW_REQUIRED,15,STRATIFIED_KIND_SOURCE_FREQ,TOO_NARROW,REVIEW,,Multiple OSM activity tags are present; the exact proposal represents only one of them.
fsq,"[Health and Medicine > Physician > Pediatrician, Health and Medicine > Hospital > Hospital Unit]",14,1.7588690974237593e-05,psic,rev5,,,exact,,,category,hospital activities,861,Hospital activities,SUBTREE,861,861|8611|8612|86129|86111,"Hospital activities || Public hospital activities || Private hospital activities || Private hospital activities, n.e.c. || Public general hospital activities",1.000000|0.759486|0.757450|0.723632|0.642941,1.000000,semantic:fsq:hospital;retrieval:strong_separated_hit,REVIEW_REQUIRED,14,STRATIFIED_KIND_SOURCE_FREQ,CORRECT,SUBTREE,861,Semantically defensible at the proposed PSIC hierarchy level.
osm,healthcare=hospital,14,1.7588690974237593e-05,psic,rev5,,,exact,,,category,hospital healthcare,,,SUBTREE,861,861|8611|8612|86129|86111,"Hospital activities || Public hospital activities || Private hospital activities || Private hospital activities, n.e.c. || Public general hospital activities",0.685132|0.520403|0.518993|0.499217|0.440747,0.685132,semantic:raw_category;retrieval:strong_separated_hit,REVIEW_REQUIRED,14,STRATIFIED_KIND_SOURCE_FREQ,CORRECT,SUBTREE,861,Semantically defensible at the proposed PSIC hierarchy level.
fsq,"[Business and Professional Services > Office > Coworking Space, Landmarks and Outdoors > Structure]",13,1.6332355904649192e-05,psic,rev5,,,exact,,,category,"Business and Professional Services Office Coworking Space, Landmarks and Outdoors Structure",,,NOT_ACTIVITY,,,,,,rule:high_precision_non_activity,REVIEW_REQUIRED,13,STRATIFIED_KIND_SOURCE_FREQ,WRONG_KIND,REVIEW,,A clear economic/service activity is present alongside the non-activity label; the whole combined value should not be forced to NOT_ACTIVITY.
fsq,"[Dining and Drinking > Dessert Shop > Ice Cream Parlor, Dining and Drinking > Smoothie Shop]",13,1.6332355904649192e-05,psic,rev5,,,exact,,,category,food and beverage service activities,56,Food and Beverage Service Activities,SUBTREE,56,56|5640|56400|564|56290,Food and Beverage Service Activities || Intermediation service activities for food and beverage services activities || Intermediation service activities for food and beverage services activities || Intermediation service activities for food and beverage services activities || Other food service activities,1.000000|0.669798|0.669798|0.669798|0.442780,1.000000,semantic:fsq:dining;retrieval:strong_separated_hit,REVIEW_REQUIRED,13,STRATIFIED_KIND_SOURCE_FREQ,CORRECT,SUBTREE,56,Semantically defensible at the proposed PSIC hierarchy level.
osm,amenity=fast_food | shop=food,13,1.6332355904649192e-05,psic,rev5,,,exact,,,category,fast-food restaurant operations,561,Restaurants and mobile food service activities,EXACT,56102,56102|5610|561|56109|56103,"Fast-food restaurants operations, including quick service restaurant || Restaurants and mobile food service activities || Restaurants and mobile food service activities || Restaurants and mobile food service activities, n.e.c. || Activities of buffet restaurants",0.665390|0.220886|0.220886|0.211482|0.152129,0.665390,semantic:osm:amenity=fast_food;retrieval:strong_separated_hit,REVIEW_REQUIRED,13,STRATIFIED_KIND_SOURCE_FREQ,TOO_NARROW,REVIEW,,Multiple OSM activity tags are present; the exact proposal represents only one of them.
overture,fishing_club,13,1.6332355904649192e-05,psic,rev5,,,exact,,,category,fishing club,,,SUBTREE,031,031|0311|03119|03120|0312,"Fishing || Marine fishing || Marine fishing, n.e.c. || Freshwater fishing || Freshwater fishing",0.903357|0.523354|0.478127|0.476356|0.476356,0.903357,semantic:raw_category;retrieval:strong_separated_hit,REVIEW_REQUIRED,13,STRATIFIED_KIND_SOURCE_FREQ,WRONG_CODE,REVIEW,,"Fishing club is a club/recreational activity, not commercial fishing."
fsq,"[Retail > Pharmacy, Retail > Convenience Store]",12,1.5076020835060795e-05,psic,rev5,,,exact,,,category,retail sale pharmaceutical medical goods,4772,"Retail sale of pharmaceutical and medical goods, cosmetic and toilet articles",SUBTREE,4772,4772|47721|47723|47724|47722,"Retail sale of pharmaceutical and medical goods, cosmetic and toilet articles || Retail sale of prescription and over-the-counter drugs and pharmaceutical goods || Retail sale of medical, orthopedic and dental instruments and supplies || Retail sale of perfumery, cosmetic and toilet articles || Retail sale of non-medicinal wellness and herbal products and supplements",0.591138|0.353173|0.238311|0.134616|0.129968,0.591138,semantic:fsq:retail_pharmacy;retrieval:strong_separated_hit,REVIEW_REQUIRED,12,STRATIFIED_KIND_SOURCE_FREQ,TOO_NARROW,REVIEW,,Pharmacy branch captures one activity but the combined source value contains another distinct health/retail/social activity.
fsq,"[Landmarks and Outdoors > States and Municipalities > Neighborhood, Travel and Transportation > Road]",11,1.3819685765472395e-05,psic,rev5,,,exact,,,category,"Landmarks and Outdoors States and Municipalities Neighborhood, Travel and Transportation Road",,,NOT_ACTIVITY,,,,,,rule:high_precision_non_activity,REVIEW_REQUIRED,11,STRATIFIED_KIND_SOURCE_FREQ,CORRECT,NOT_ACTIVITY,,Semantically defensible at the proposed PSIC hierarchy level.
fsq,"[Retail > Sporting Goods Retail, Retail > Fashion Retail > Clothing Store, Retail > Fashion Retail > Shoe Store]",11,1.3819685765472395e-05,psic,rev5,,,exact,,,category,retail sale garments clothing apparel,4771,"Retail sale of clothing, footwear and leather articles",EXACT,47711,47711|4771|47719|47712|47713,"Retail sale of garments, clothing, wearing apparel and clothing accessories || Retail sale of clothing, footwear and leather articles || Retail sale of clothing, footwear and leather articles, n.e.c. || Retail sale of footwear || Retail sale of leather goods and travel accessories of leather and leather substitutes",0.697789|0.311996|0.304685|0.244308|0.101870,0.697789,semantic:fsq:retail_clothing;retrieval:strong_separated_hit,REVIEW_REQUIRED,11,STRATIFIED_KIND_SOURCE_FREQ,TOO_NARROW,REVIEW,,A clothing code matches one label but the combined Foursquare value contains another distinct activity/class.
fsq,"['Retail > Fashion Retail > Women\'s Store', Retail > Boutique, Retail > Fashion Retail > Clothing Store]",10,1.2563350695883994e-05,psic,rev5,,,exact,,,category,retail sale garments clothing apparel,4771,"Retail sale of clothing, footwear and leather articles",EXACT,47711,47711|4771|47719|47712|47713,"Retail sale of garments, clothing, wearing apparel and clothing accessories || Retail sale of clothing, footwear and leather articles || Retail sale of clothing, footwear and leather articles, n.e.c. || Retail sale of footwear || Retail sale of leather goods and travel accessories of leather and leather substitutes",0.697789|0.311996|0.304685|0.244308|0.101870,0.697789,semantic:fsq:retail_clothing;retrieval:strong_separated_hit,REVIEW_REQUIRED,10,STRATIFIED_KIND_SOURCE_FREQ,CORRECT,EXACT,47711,Semantically defensible at the proposed PSIC hierarchy level.
fsq,"[Travel and Transportation > Road, Community and Government > Housing Development]",10,1.2563350695883994e-05,psic,rev5,,,exact,,,category,"Travel and Transportation Road, Community and Government Housing Development",,,NOT_ACTIVITY,,,,,,rule:high_precision_non_activity,REVIEW_REQUIRED,10,STRATIFIED_KIND_SOURCE_FREQ,CORRECT,NOT_ACTIVITY,,Semantically defensible at the proposed PSIC hierarchy level.
osm,shop=eggs,10,1.2563350695883994e-05,psic,rev5,,,exact,,,category,retail sale eggs,47,Retail Trade,EXACT,47212,47212|4721|47217|47761|47219,"Retail sale of eggs and dairy products || Retail sale of food || Retail sale of salt || Retail sale of pet || Retail sale of food, n.e.c.",0.573632|0.435781|0.410621|0.404504|0.392026,0.573632,semantic:osm:shop;retrieval:strong_separated_hit,REVIEW_REQUIRED,10,STRATIFIED_KIND_SOURCE_FREQ,CORRECT,EXACT,47212,Semantically defensible at the proposed PSIC hierarchy level.
osm,amenity=fast_food | shop=kiosk,9,1.1307015626295595e-05,psic,rev5,,,exact,,,category,fast-food restaurant operations,561,Restaurants and mobile food service activities,EXACT,56102,56102|5610|561|56109|56103,"Fast-food restaurants operations, including quick service restaurant || Restaurants and mobile food service activities || Restaurants and mobile food service activities || Restaurants and mobile food service activities, n.e.c. || Activities of buffet restaurants",0.665390|0.220886|0.220886|0.211482|0.152129,0.665390,semantic:osm:amenity=fast_food;retrieval:strong_separated_hit,REVIEW_REQUIRED,9,STRATIFIED_KIND_SOURCE_FREQ,TOO_NARROW,REVIEW,,Multiple OSM activity tags are present; the exact proposal represents only one of them.
osm,amenity=water_point,9,1.1307015626295595e-05,psic,rev5,,,exact,,,category,water point amenity,,,SUBTREE,50,50|502|50220|5022|5021,Water Transport || Inland water transport || Inland freight water transport || Inland freight water transport || Inland passenger water transport,0.458651|0.321280|0.264388|0.264388|0.262043,0.458651,semantic:raw_category;retrieval:strong_separated_hit,REVIEW_REQUIRED,9,STRATIFIED_KIND_SOURCE_FREQ,WRONG_CODE,REVIEW,,A water point is not a water-transport activity.
fsq,"[Business and Professional Services > Health and Beauty Service, Retail > Cosmetics Store, Business and Professional Services > Health and Beauty Service > Spa]",8,1.0050680556707196e-05,psic,rev5,,,exact,,,category,hairdressing beauty treatment day spa activities,962,"Hairdressing, beauty treatment, day spa and similar activities",SUBTREE,962,962|9622|96220|9621|96211,"Hairdressing, beauty treatment, day spa and similar activities || Beauty care and other beauty treatment activities || Beauty care and other beauty treatment activities || Hairdressing and barber activities || Hairdressing activities, other than barber activities",0.860616|0.466881|0.466881|0.296729|0.262443,0.860616,semantic:fsq:beauty;retrieval:strong_separated_hit,REVIEW_REQUIRED,8,STRATIFIED_KIND_SOURCE_FREQ,TOO_NARROW,REVIEW,,Beauty/spa branch captures one component of a mixed source value containing a distinct medical/retail activity.
overture,leather_goods_store,8,1.0050680556707196e-05,psic,rev5,,,exact,,,category,retail sale leather goods,47,Retail Trade,EXACT,47713,47713|4773|4721|4771|4774,"Retail sale of leather goods and travel accessories of leather and leather substitutes || Retail sale of other new goods n.e.c. || Retail sale of food || Retail sale of clothing, footwear and leather articles || Retail sale of second-hand goods",0.562681|0.433606|0.378837|0.371068|0.364328,0.562681,semantic:overture:store_suffix;retrieval:strong_separated_hit,REVIEW_REQUIRED,8,STRATIFIED_KIND_SOURCE_FREQ,CORRECT,EXACT,47713,Semantically defensible at the proposed PSIC hierarchy level.
overture,airport_shuttle,8,1.0050680556707196e-05,psic,rev5,,,exact,,,category,airport shuttle,,,EXACT,49427,49427|51|512|5120|511,Operation of airport shuttles || Air Transport || Freight air transport || Freight air transport || Passenger air transport,0.610491|0.068793|0.049136|0.049136|0.045745,0.610491,semantic:raw_category;retrieval:strong_separated_hit,REVIEW_REQUIRED,8,STRATIFIED_KIND_SOURCE_FREQ,CORRECT,EXACT,49427,Semantically defensible at the proposed PSIC hierarchy level.
osm,amenity=veterinary | shop=pet_grooming,7,8.794345487118797e-06,psic,rev5,,,exact,,,category,retail sale pet grooming,47,Retail Trade,EXACT,47761,47761|4776|47762|4721|47217,Retail sale of pet || Retail sale of pet and pet supplies || Retail sale of pet supplies || Retail sale of food || Retail sale of salt,0.755558|0.605209|0.591454|0.426497|0.400903,0.755558,semantic:osm:shop;retrieval:strong_separated_hit,REVIEW_REQUIRED,7,STRATIFIED_KIND_SOURCE_FREQ,WRONG_CODE,REVIEW,,Veterinary and pet-grooming services are not retail sale of live pets.
overture,animal_rescue_service,7,8.794345487118797e-06,psic,rev5,,,exact,,,category,animal rescue service,,,SUBTREE,014,014|01|0162|01629|01623,"Animal production || Crop and Animal Production, Hunting and Related Service Activities || Support activities for animal production || Support activities for animal production, n.e.c. || Farm management services for animal production",0.484678|0.350006|0.334831|0.318946|0.306446,0.484678,semantic:raw_category;retrieval:strong_separated_hit,REVIEW_REQUIRED,7,STRATIFIED_KIND_SOURCE_FREQ,WRONG_CODE,REVIEW,,Animal rescue service is not animal-production activity.
fsq,"[Landmarks and Outdoors > Park > Dog Park, Landmarks and Outdoors > Park]",5,6.281675347941997e-06,psic,rev5,,,exact,,,category,"Landmarks and Outdoors Park Dog Park, Landmarks and Outdoors Park",,,NOT_ACTIVITY,,,,,,rule:high_precision_non_activity,REVIEW_REQUIRED,5,STRATIFIED_KIND_SOURCE_FREQ,CORRECT,NOT_ACTIVITY,,Semantically defensible at the proposed PSIC hierarchy level.
fsq,"[Retail > Convenience Store, Retail > Food and Beverage Retail > Supermarket, Retail > Food and Beverage Retail > Grocery Store]",4,5.025340278353598e-06,psic,rev5,,,exact,,,category,retail selling in convenience stores,4711,"Non-specialized retail sale with food, beverages or tobacco predominating",EXACT,47114,47114|47113|47111|47115|47112,Retail selling in convenience stores || Retail selling in sari-sari stores || Retail selling in groceries || Retail selling in pasalubong stores or centers || Retail selling in supermarkets and hypermarkets,1.000000|0.446025|0.441785|0.432407|0.315958,1.000000,semantic:fsq:retail_convenience;retrieval:strong_separated_hit,REVIEW_REQUIRED,4,STRATIFIED_KIND_SOURCE_FREQ,TOO_NARROW,REVIEW,,Convenience-store code selects one component of a combined source value containing a different retail/service class.
overture,pharmaceutical_products_wholesaler,4,5.025340278353598e-06,psic,rev5,,,exact,,,category,pharmaceutical products wholesaler,,,SUBTREE,21,21|21003|2100|210|21009,"Manufacture of Basic Pharmaceutical Products and Pharmaceutical Preparations || Preparation of botanical products for pharmaceutical use || Manufacture of pharmaceuticals, medicinal chemical and botanical products || Manufacture of pharmaceuticals, medicinal chemical and botanical products || Manufacture of pharmaceuticals, medicinal chemical and botanical products, n.e.c",0.640880|0.384546|0.257692|0.257692|0.242982,0.640880,semantic:raw_category;retrieval:strong_separated_hit,REVIEW_REQUIRED,4,STRATIFIED_KIND_SOURCE_FREQ,WRONG_CODE,REVIEW,,"Wholesaling pharmaceuticals is trade, not pharmaceutical manufacturing."
fsq,"[Business and Professional Services > Health and Beauty Service, Business and Professional Services > Health and Beauty Service > Nail Salon, Business and Professional Services > Health and Beauty Service > Spa]",3,3.7690052087651986e-06,psic,rev5,,,exact,,,category,hairdressing beauty treatment day spa activities,962,"Hairdressing, beauty treatment, day spa and similar activities",SUBTREE,962,962|9622|96220|9621|96211,"Hairdressing, beauty treatment, day spa and similar activities || Beauty care and other beauty treatment activities || Beauty care and other beauty treatment activities || Hairdressing and barber activities || Hairdressing activities, other than barber activities",0.860616|0.466881|0.466881|0.296729|0.262443,0.860616,semantic:fsq:beauty;retrieval:strong_separated_hit,REVIEW_REQUIRED,3,LOW_FREQUENCY_RANDOM,CORRECT,SUBTREE,962,Semantically defensible at the proposed PSIC hierarchy level.
fsq,"[Retail > Fashion Retail > Clothing Store, Retail > Fashion Retail > Fashion Accessories Store, Retail > Boutique]",3,3.7690052087651986e-06,psic,rev5,,,exact,,,category,retail sale garments clothing apparel,4771,"Retail sale of clothing, footwear and leather articles",EXACT,47711,47711|4771|47719|47712|47713,"Retail sale of garments, clothing, wearing apparel and clothing accessories || Retail sale of clothing, footwear and leather articles || Retail sale of clothing, footwear and leather articles, n.e.c. || Retail sale of footwear || Retail sale of leather goods and travel accessories of leather and leather substitutes",0.697789|0.311996|0.304685|0.244308|0.101870,0.697789,semantic:fsq:retail_clothing;retrieval:strong_separated_hit,REVIEW_REQUIRED,3,STRATIFIED_KIND_SOURCE_FREQ;LOW_FREQUENCY_RANDOM,CORRECT,EXACT,47711,Semantically defensible at the proposed PSIC hierarchy level.
fsq,"[Retail > Sporting Goods Retail, Retail > Fashion Retail > Clothing Store, Retail > Boutique]",3,3.7690052087651986e-06,psic,rev5,,,exact,,,category,retail sale garments clothing apparel,4771,"Retail sale of clothing, footwear and leather articles",EXACT,47711,47711|4771|47719|47712|47713,"Retail sale of garments, clothing, wearing apparel and clothing accessories || Retail sale of clothing, footwear and leather articles || Retail sale of clothing, footwear and leather articles, n.e.c. || Retail sale of footwear || Retail sale of leather goods and travel accessories of leather and leather substitutes",0.697789|0.311996|0.304685|0.244308|0.101870,0.697789,semantic:fsq:retail_clothing;retrieval:strong_separated_hit,REVIEW_REQUIRED,3,STRATIFIED_KIND_SOURCE_FREQ,TOO_NARROW,REVIEW,,A clothing code matches one label but the combined Foursquare value contains another distinct activity/class.
fsq,"[Health and Medicine > Dentist, Retail > Pharmacy]",3,3.7690052087651986e-06,psic,rev5,,,exact,,,category,retail sale pharmaceutical medical goods,4772,"Retail sale of pharmaceutical and medical goods, cosmetic and toilet articles",SUBTREE,4772,4772|47721|47723|47724|47722,"Retail sale of pharmaceutical and medical goods, cosmetic and toilet articles || Retail sale of prescription and over-the-counter drugs and pharmaceutical goods || Retail sale of medical, orthopedic and dental instruments and supplies || Retail sale of perfumery, cosmetic and toilet articles || Retail sale of non-medicinal wellness and herbal products and supplements",0.591138|0.353173|0.238311|0.134616|0.129968,0.591138,semantic:fsq:pharmacy;retrieval:strong_separated_hit,REVIEW_REQUIRED,3,STRATIFIED_KIND_SOURCE_FREQ,TOO_NARROW,REVIEW,,Pharmacy branch captures one activity but the combined source value contains another distinct health/retail/social activity.
fsq,"[Health and Medicine > Veterinarian, Health and Medicine > Hospital]",3,3.7690052087651986e-06,psic,rev5,,,exact,,,category,hospital activities,861,Hospital activities,SUBTREE,861,861|8611|8612|86129|86111,"Hospital activities || Public hospital activities || Private hospital activities || Private hospital activities, n.e.c. || Public general hospital activities",1.000000|0.759486|0.757450|0.723632|0.642941,1.000000,semantic:fsq:hospital;retrieval:strong_separated_hit,REVIEW_REQUIRED,3,LOW_FREQUENCY_RANDOM,TOO_NARROW,REVIEW,,Hospital branch captures one label but the combined value contains another distinct activity.
fsq,"[Business and Professional Services > Office, Community and Government > Residential Building > Apartment or Condo]",3,3.7690052087651986e-06,psic,rev5,,,exact,,,category,"Business and Professional Services Office, Community and Government Residential Building Apartment or Condo",,,NOT_ACTIVITY,,,,,,rule:high_precision_non_activity,REVIEW_REQUIRED,3,LOW_FREQUENCY_RANDOM,WRONG_KIND,REVIEW,,Generic office plus residence is ambiguous; NOT_ACTIVITY is too categorical.
osm,amenity=fast_food | shop=beverages,3,3.7690052087651986e-06,psic,rev5,,,exact,,,category,fast-food restaurant operations,561,Restaurants and mobile food service activities,EXACT,56102,56102|5610|561|56109|56103,"Fast-food restaurants operations, including quick service restaurant || Restaurants and mobile food service activities || Restaurants and mobile food service activities || Restaurants and mobile food service activities, n.e.c. || Activities of buffet restaurants",0.665390|0.220886|0.220886|0.211482|0.152129,0.665390,semantic:osm:amenity=fast_food;retrieval:strong_separated_hit,REVIEW_REQUIRED,3,STRATIFIED_KIND_SOURCE_FREQ,TOO_NARROW,REVIEW,,Multiple OSM activity tags are present; the exact proposal represents only one of them.
osm,amenity=marketplace | shop=supermarket,3,3.7690052087651986e-06,psic,rev5,,,exact,,,category,retail selling in supermarkets and hypermarkets,4711,"Non-specialized retail sale with food, beverages or tobacco predominating",EXACT,47112,47112|47111|47114|47113|47115,Retail selling in supermarkets and hypermarkets || Retail selling in groceries || Retail selling in convenience stores || Retail selling in sari-sari stores || Retail selling in pasalubong stores or centers,1.000000|0.376115|0.315958|0.272130|0.265596,1.000000,semantic:osm:shop=supermarket;retrieval:strong_separated_hit,REVIEW_REQUIRED,3,STRATIFIED_KIND_SOURCE_FREQ,CORRECT,EXACT,47112,Semantically defensible at the proposed PSIC hierarchy level.
overture,employment_law,3,3.7690052087651986e-06,psic,rev5,,,exact,,,category,employment law,,,SUBTREE,78,78|781|7810|78101|78102,Employment Activities || Activities of employment placement agencies || Activities of employment placement agencies || Local employment recruitment and placement activities || Overseas employment recruitment and placement activities,0.726059|0.450488|0.450488|0.381698|0.368105,0.726059,semantic:raw_category;retrieval:strong_separated_hit,REVIEW_REQUIRED,3,STRATIFIED_KIND_SOURCE_FREQ,WRONG_CODE,REVIEW,,"Employment law is a legal activity, not employment-placement activity."
fsq,"[Retail > Food and Beverage Retail > Supermarket, Retail > Department Store]",2,2.512670139176799e-06,psic,rev5,,,exact,,,category,retail sale Department Store,47,Retail Trade,EXACT,47191,47191|4721|47217|47761|47219,"Retail selling in department stores || Retail sale of food || Retail sale of salt || Retail sale of pet || Retail sale of food, n.e.c.",0.541361|0.364212|0.340993|0.334857|0.334592,0.541361,semantic:fsq:retail;retrieval:strong_separated_hit,REVIEW_REQUIRED,2,LOW_FREQUENCY_RANDOM,TOO_NARROW,REVIEW,,Department-store code captures only one of two different retail formats in the combined source value.
fsq,"[Health and Medicine > Medical Center, Landmarks and Outdoors > Structure]",2,2.512670139176799e-06,psic,rev5,,,exact,,,category,human health activities,,,NOT_ACTIVITY,,,,,,rule:high_precision_non_activity,REVIEW_REQUIRED,2,STRATIFIED_KIND_SOURCE_FREQ,WRONG_KIND,REVIEW,,A clear economic/service activity is present alongside the non-activity label; the whole combined value should not be forced to NOT_ACTIVITY.
fsq,"[Dining and Drinking > Dessert Shop, Retail > Food and Beverage Retail > Health Food Store]",2,2.512670139176799e-06,psic,rev5,,,exact,,,category,food and beverage service activities,56,Food and Beverage Service Activities,SUBTREE,56,56|5640|56400|564|56290,Food and Beverage Service Activities || Intermediation service activities for food and beverage services activities || Intermediation service activities for food and beverage services activities || Intermediation service activities for food and beverage services activities || Other food service activities,1.000000|0.669798|0.669798|0.669798|0.442780,1.000000,semantic:fsq:dining;retrieval:strong_separated_hit,REVIEW_REQUIRED,2,STRATIFIED_KIND_SOURCE_FREQ;LOW_FREQUENCY_RANDOM,TOO_NARROW,REVIEW,,Food-service branch captures one component of a mixed Foursquare source value.
fsq,"[Dining and Drinking > Creperie, Dining and Drinking > Dessert Shop, Dining and Drinking > Snack Place]",2,2.512670139176799e-06,psic,rev5,,,exact,,,category,food and beverage service activities,56,Food and Beverage Service Activities,SUBTREE,56,56|5640|56400|564|56290,Food and Beverage Service Activities || Intermediation service activities for food and beverage services activities || Intermediation service activities for food and beverage services activities || Intermediation service activities for food and beverage services activities || Other food service activities,1.000000|0.669798|0.669798|0.669798|0.442780,1.000000,semantic:fsq:dining;retrieval:strong_separated_hit,REVIEW_REQUIRED,2,LOW_FREQUENCY_RANDOM,CORRECT,SUBTREE,56,Semantically defensible at the proposed PSIC hierarchy level.
fsq,"[Sports and Recreation > Water Sports > Swimming > Swimming Pool, Community and Government > Residential Building > Apartment or Condo]",2,2.512670139176799e-06,psic,rev5,,,exact,,,category,"Sports and Recreation Water Sports Swimming Swimming Pool, Community and Government Residential Building Apartment or Condo",,,NOT_ACTIVITY,,,,,,rule:high_precision_non_activity,REVIEW_REQUIRED,2,STRATIFIED_KIND_SOURCE_FREQ,WRONG_KIND,REVIEW,,Swimming-pool operation may be an activity; the mixed value is ambiguous rather than safely NOT_ACTIVITY.
fsq,"[Retail > Food and Beverage Retail > Supermarket, Retail > Convenience Store, Retail > Food and Beverage Retail > Grocery Store]",2,2.512670139176799e-06,psic,rev5,,,exact,,,category,retail selling in convenience stores,4711,"Non-specialized retail sale with food, beverages or tobacco predominating",EXACT,47114,47114|47113|47111|47115|47112,Retail selling in convenience stores || Retail selling in sari-sari stores || Retail selling in groceries || Retail selling in pasalubong stores or centers || Retail selling in supermarkets and hypermarkets,1.000000|0.446025|0.441785|0.432407|0.315958,1.000000,semantic:fsq:retail_convenience;retrieval:strong_separated_hit,REVIEW_REQUIRED,2,LOW_FREQUENCY_RANDOM,TOO_NARROW,REVIEW,,Convenience-store code selects one component of a combined source value containing a different retail/service class.
fsq,"[Sports and Recreation > Water Sports > Swimming > Swimming Pool, Landmarks and Outdoors > Park]",2,2.512670139176799e-06,psic,rev5,,,exact,,,category,"Sports and Recreation Water Sports Swimming Swimming Pool, Landmarks and Outdoors Park",,,NOT_ACTIVITY,,,,,,rule:high_precision_non_activity,REVIEW_REQUIRED,2,STRATIFIED_KIND_SOURCE_FREQ,WRONG_KIND,REVIEW,,Swimming-pool operation may be an activity; the mixed value is ambiguous rather than safely NOT_ACTIVITY.
fsq,"[Retail > Convenience Store, Retail > Pharmacy]",2,2.512670139176799e-06,psic,rev5,,,exact,,,category,retail sale pharmaceutical medical goods,4772,"Retail sale of pharmaceutical and medical goods, cosmetic and toilet articles",SUBTREE,4772,4772|47721|47723|47724|47722,"Retail sale of pharmaceutical and medical goods, cosmetic and toilet articles || Retail sale of prescription and over-the-counter drugs and pharmaceutical goods || Retail sale of medical, orthopedic and dental instruments and supplies || Retail sale of perfumery, cosmetic and toilet articles || Retail sale of non-medicinal wellness and herbal products and supplements",0.591138|0.353173|0.238311|0.134616|0.129968,0.591138,semantic:fsq:retail_pharmacy;retrieval:strong_separated_hit,REVIEW_REQUIRED,2,LOW_FREQUENCY_RANDOM,TOO_NARROW,REVIEW,,Pharmacy branch captures one activity but the combined source value contains another distinct health/retail/social activity.
fsq,"[Retail > Pharmacy, Health and Medicine > Medical Center, Retail > Drugstore]",2,2.512670139176799e-06,psic,rev5,,,exact,,,category,retail sale pharmaceutical medical goods,4772,"Retail sale of pharmaceutical and medical goods, cosmetic and toilet articles",SUBTREE,4772,4772|47721|47723|47724|47722,"Retail sale of pharmaceutical and medical goods, cosmetic and toilet articles || Retail sale of prescription and over-the-counter drugs and pharmaceutical goods || Retail sale of medical, orthopedic and dental instruments and supplies || Retail sale of perfumery, cosmetic and toilet articles || Retail sale of non-medicinal wellness and herbal products and supplements",0.591138|0.353173|0.238311|0.134616|0.129968,0.591138,semantic:fsq:retail_pharmacy;retrieval:strong_separated_hit,REVIEW_REQUIRED,2,LOW_FREQUENCY_RANDOM,TOO_NARROW,REVIEW,,Pharmacy branch captures one activity but the combined source value contains another distinct health/retail/social activity.
fsq,"[Sports and Recreation > Gym and Studio, Sports and Recreation, Sports and Recreation > Gym and Studio > Gym]",2,2.512670139176799e-06,psic,rev5,,,exact,,,category,operation of fitness centers,93111,Operation of fitness centers,EXACT,93111,93111,Operation of fitness centers,1.000000,1.000000,semantic:fsq:fitness;retrieval:strong_separated_hit,REVIEW_REQUIRED,2,LOW_FREQUENCY_RANDOM,CORRECT,EXACT,93111,Semantically defensible at the proposed PSIC hierarchy level.
fsq,"[Dining and Drinking > Food Court, Business and Professional Services > Food and Beverage Service]",2,2.512670139176799e-06,psic,rev5,,,exact,,,category,food and beverage service activities,56,Food and Beverage Service Activities,SUBTREE,56,56|5640|56400|564|56290,Food and Beverage Service Activities || Intermediation service activities for food and beverage services activities || Intermediation service activities for food and beverage services activities || Intermediation service activities for food and beverage services activities || Other food service activities,1.000000|0.669798|0.669798|0.669798|0.442780,1.000000,semantic:fsq:dining;retrieval:strong_separated_hit,REVIEW_REQUIRED,2,STRATIFIED_KIND_SOURCE_FREQ,CORRECT,SUBTREE,56,Semantically defensible at the proposed PSIC hierarchy level.
fsq,"[Dining and Drinking > Dessert Shop > Ice Cream Parlor, Dining and Drinking > Food Truck]",2,2.512670139176799e-06,psic,rev5,,,exact,,,category,food and beverage service activities,56,Food and Beverage Service Activities,SUBTREE,56,56|5640|56400|564|56290,Food and Beverage Service Activities || Intermediation service activities for food and beverage services activities || Intermediation service activities for food and beverage services activities || Intermediation service activities for food and beverage services activities || Other food service activities,1.000000|0.669798|0.669798|0.669798|0.442780,1.000000,semantic:fsq:dining;retrieval:strong_separated_hit,REVIEW_REQUIRED,2,LOW_FREQUENCY_RANDOM,CORRECT,SUBTREE,56,Semantically defensible at the proposed PSIC hierarchy level.
fsq,"[Retail > Fashion Retail > Clothing Store, Business and Professional Services > Tailor]",2,2.512670139176799e-06,psic,rev5,,,exact,,,category,retail sale garments clothing apparel,4771,"Retail sale of clothing, footwear and leather articles",EXACT,47711,47711|4771|47719|47712|47713,"Retail sale of garments, clothing, wearing apparel and clothing accessories || Retail sale of clothing, footwear and leather articles || Retail sale of clothing, footwear and leather articles, n.e.c. || Retail sale of footwear || Retail sale of leather goods and travel accessories of leather and leather substitutes",0.697789|0.311996|0.304685|0.244308|0.101870,0.697789,semantic:fsq:retail_clothing;retrieval:strong_separated_hit,REVIEW_REQUIRED,2,LOW_FREQUENCY_RANDOM,TOO_NARROW,REVIEW,,A clothing code matches one label but the combined Foursquare value contains another distinct activity/class.
fsq,"[Health and Medicine > Sports Medicine Clinic, Health and Medicine > Hospital > Hospital Unit]",2,2.512670139176799e-06,psic,rev5,,,exact,,,category,hospital activities,861,Hospital activities,SUBTREE,861,861|8611|8612|86129|86111,"Hospital activities || Public hospital activities || Private hospital activities || Private hospital activities, n.e.c. || Public general hospital activities",1.000000|0.759486|0.757450|0.723632|0.642941,1.000000,semantic:fsq:hospital;retrieval:strong_separated_hit,REVIEW_REQUIRED,2,STRATIFIED_KIND_SOURCE_FREQ,CORRECT,SUBTREE,861,Semantically defensible at the proposed PSIC hierarchy level.
fsq,"[Dining and Drinking > Dessert Shop > Frozen Yogurt Shop, Dining and Drinking > Dessert Shop > Ice Cream Parlor, Dining and Drinking > Snack Place]",2,2.512670139176799e-06,psic,rev5,,,exact,,,category,food and beverage service activities,56,Food and Beverage Service Activities,SUBTREE,56,56|5640|56400|564|56290,Food and Beverage Service Activities || Intermediation service activities for food and beverage services activities || Intermediation service activities for food and beverage services activities || Intermediation service activities for food and beverage services activities || Other food service activities,1.000000|0.669798|0.669798|0.669798|0.442780,1.000000,semantic:fsq:dining;retrieval:strong_separated_hit,REVIEW_REQUIRED,2,LOW_FREQUENCY_RANDOM,CORRECT,SUBTREE,56,Semantically defensible at the proposed PSIC hierarchy level.
fsq,"[Sports and Recreation > Water Sports > Swimming > Swimming Pool, Sports and Recreation > Gym and Studio > Gym]",2,2.512670139176799e-06,psic,rev5,,,exact,,,category,operation of fitness centers,93111,Operation of fitness centers,EXACT,93111,93111,Operation of fitness centers,1.000000,1.000000,semantic:fsq:fitness;retrieval:strong_separated_hit,REVIEW_REQUIRED,2,STRATIFIED_KIND_SOURCE_FREQ,TOO_NARROW,REVIEW,,Fitness-center code captures the gym label but omits the swimming-pool activity in the same source value.
osm,amenity=fast_food | shop=coffee,2,2.512670139176799e-06,psic,rev5,,,exact,,,category,fast-food restaurant operations,561,Restaurants and mobile food service activities,EXACT,56102,56102|5610|561|56109|56103,"Fast-food restaurants operations, including quick service restaurant || Restaurants and mobile food service activities || Restaurants and mobile food service activities || Restaurants and mobile food service activities, n.e.c. || Activities of buffet restaurants",0.665390|0.220886|0.220886|0.211482|0.152129,0.665390,semantic:osm:amenity=fast_food;retrieval:strong_separated_hit,REVIEW_REQUIRED,2,LOW_FREQUENCY_RANDOM,TOO_NARROW,REVIEW,,Multiple OSM activity tags are present; the exact proposal represents only one of them.
osm,amenity=public_market | shop=supermarket,2,2.512670139176799e-06,psic,rev5,,,exact,,,category,retail selling in supermarkets and hypermarkets,4711,"Non-specialized retail sale with food, beverages or tobacco predominating",EXACT,47112,47112|47111|47114|47113|47115,Retail selling in supermarkets and hypermarkets || Retail selling in groceries || Retail selling in convenience stores || Retail selling in sari-sari stores || Retail selling in pasalubong stores or centers,1.000000|0.376115|0.315958|0.272130|0.265596,1.000000,semantic:osm:shop=supermarket;retrieval:strong_separated_hit,REVIEW_REQUIRED,2,LOW_FREQUENCY_RANDOM,CORRECT,EXACT,47112,Semantically defensible at the proposed PSIC hierarchy level.
overture,fishing_charter,2,2.512670139176799e-06,psic,rev5,,,exact,,,category,fishing charter,,,SUBTREE,031,031|0311|0312|03120|03119,"Fishing || Marine fishing || Freshwater fishing || Freshwater fishing || Marine fishing, n.e.c.",0.595091|0.351096|0.328665|0.328665|0.315594,0.595091,semantic:raw_category;retrieval:strong_separated_hit,REVIEW_REQUIRED,2,STRATIFIED_KIND_SOURCE_FREQ,WRONG_CODE,REVIEW,,"Fishing charter is a recreational/charter service, not commercial fishing."
overture,food_and_beverage_exporter,2,2.512670139176799e-06,psic,rev5,,,exact,,,category,food and beverage exporter,,,SUBTREE,56,56|56400|564|5640|563,Food and Beverage Service Activities || Intermediation service activities for food and beverage services activities || Intermediation service activities for food and beverage services activities || Intermediation service activities for food and beverage services activities || Beverage serving activities,0.727587|0.528764|0.528764|0.528764|0.321904,0.727587,semantic:raw_category;retrieval:strong_separated_hit,REVIEW_REQUIRED,2,STRATIFIED_KIND_SOURCE_FREQ,WRONG_CODE,REVIEW,,"Exporter is a trade activity, not food-and-beverage service activity."
overture,aircraft_manufacturer,2,2.512670139176799e-06,psic,rev5,,,exact,,,category,aircraft manufacturer,,,EXACT,33153,33153|30303|2811|28110|30304,"Repair and maintenance of aircraft and aircraft engines || Conversion, modification and overhaul of aircraft and aircraft engines || Manufacture of engines and turbines, except aircraft, vehicle and cycle engines || Manufacture of engines and turbines, except aircraft, vehicle and cycle engines || Manufacture of drones and other unmanned aircraft, except recreational drones",0.588212|0.455559|0.294589|0.294589|0.290114,0.588212,semantic:raw_category;retrieval:strong_separated_hit,REVIEW_REQUIRED,2,STRATIFIED_KIND_SOURCE_FREQ,WRONG_CODE,REVIEW,,"The result is aircraft repair/maintenance, not aircraft manufacturing."
fsq,"[Landmarks and Outdoors > Farm, Retail > Food and Beverage Retail > Fruit and Vegetable Store, Retail > Food and Beverage Retail > Grocery Store > Organic Grocery]",1,1.2563350695883995e-06,psic,rev5,,,exact,,,category,"Landmarks and Outdoors Farm, Retail Food and Beverage Retail Fruit and Vegetable Store, Retail Food and Beverage Retail Grocery Store Organic Grocery",,,SUBTREE,56,56|5640|564|56400|4631,Food and Beverage Service Activities || Intermediation service activities for food and beverage services activities || Intermediation service activities for food and beverage services activities || Intermediation service activities for food and beverage services activities || Wholesale of food and beverages,0.512482|0.372374|0.372374|0.372374|0.311062,0.512482,semantic:raw_category;retrieval:strong_separated_hit,REVIEW_REQUIRED,1,LOW_FREQUENCY_RANDOM,WRONG_CODE,REVIEW,,Farm/food-retail labels do not support a food-service classification.
fsq,"[Retail > Convenience Store, Retail > Department Store]",1,1.2563350695883995e-06,psic,rev5,,,exact,,,category,retail selling in convenience stores,4711,"Non-specialized retail sale with food, beverages or tobacco predominating",EXACT,47114,47114|47113|47111|47115|47112,Retail selling in convenience stores || Retail selling in sari-sari stores || Retail selling in groceries || Retail selling in pasalubong stores or centers || Retail selling in supermarkets and hypermarkets,1.000000|0.446025|0.441785|0.432407|0.315958,1.000000,semantic:fsq:retail_convenience;retrieval:strong_separated_hit,REVIEW_REQUIRED,1,LOW_FREQUENCY_RANDOM,TOO_NARROW,REVIEW,,Convenience-store code selects one component of a combined source value containing a different retail/service class.
fsq,"[Retail > Pet Supplies Store, 'Dining and Drinking > Cafe, Coffee, and Tea House > Pet Café']",1,1.2563350695883995e-06,psic,rev5,,,exact,,,category,retail sale Pet Café,47,Retail Trade,EXACT,47761,47761|4776|47762|4721|47217,Retail sale of pet || Retail sale of pet and pet supplies || Retail sale of pet supplies || Retail sale of food || Retail sale of salt,0.766056|0.613536|0.599213|0.432827|0.407103,0.766056,semantic:fsq:retail;retrieval:strong_separated_hit,REVIEW_REQUIRED,1,LOW_FREQUENCY_RANDOM,TOO_NARROW,REVIEW,,The combined source value spans pet retail/service activities; live-pet retail alone is incomplete.
fsq,"[Landmarks and Outdoors > Scenic Lookout, Landmarks and Outdoors > Structure]",1,1.2563350695883995e-06,psic,rev5,,,exact,,,category,"Landmarks and Outdoors Scenic Lookout, Landmarks and Outdoors Structure",,,NOT_ACTIVITY,,,,,,rule:high_precision_non_activity,REVIEW_REQUIRED,1,STRATIFIED_KIND_SOURCE_FREQ,CORRECT,NOT_ACTIVITY,,Semantically defensible at the proposed PSIC hierarchy level.
fsq,"[Community and Government > Education > College and University > College Academic Building, Community and Government > Education > College and University > College Gym, Landmarks and Outdoors > Structure]",1,1.2563350695883995e-06,psic,rev5,,,exact,,,category,education activities tertiary primary secondary education,,,NOT_ACTIVITY,,,,,,rule:high_precision_non_activity,REVIEW_REQUIRED,1,LOW_FREQUENCY_RANDOM,CORRECT,NOT_ACTIVITY,,Semantically defensible at the proposed PSIC hierarchy level.
fsq,"[Dining and Drinking > Dessert Shop > Ice Cream Parlor, Travel and Transportation > Moving Target]",1,1.2563350695883995e-06,psic,rev5,,,exact,,,category,food and beverage service activities,56,Food and Beverage Service Activities,SUBTREE,56,56|5640|56400|564|56290,Food and Beverage Service Activities || Intermediation service activities for food and beverage services activities || Intermediation service activities for food and beverage services activities || Intermediation service activities for food and beverage services activities || Other food service activities,1.000000|0.669798|0.669798|0.669798|0.442780,1.000000,semantic:fsq:dining;retrieval:strong_separated_hit,REVIEW_REQUIRED,1,LOW_FREQUENCY_RANDOM,TOO_NARROW,REVIEW,,Food-service branch captures one component of a mixed Foursquare source value.
fsq,"[Community and Government > Education > College and University > College Residence Hall, Landmarks and Outdoors > Structure]",1,1.2563350695883995e-06,psic,rev5,,,exact,,,category,education activities tertiary primary secondary education,,,NOT_ACTIVITY,,,,,,rule:high_precision_non_activity,REVIEW_REQUIRED,1,LOW_FREQUENCY_RANDOM,CORRECT,NOT_ACTIVITY,,Semantically defensible at the proposed PSIC hierarchy level.
fsq,"[Arts and Entertainment > Night Club, Landmarks and Outdoors > Beach]",1,1.2563350695883995e-06,psic,rev5,,,exact,,,category,"Arts and Entertainment Night Club, Landmarks and Outdoors Beach",,,NOT_ACTIVITY,,,,,,rule:high_precision_non_activity,REVIEW_REQUIRED,1,LOW_FREQUENCY_RANDOM,WRONG_KIND,REVIEW,,A clear economic/service activity is present alongside the non-activity label; the whole combined value should not be forced to NOT_ACTIVITY.
fsq,"[Business and Professional Services > Health and Beauty Service > Barbershop, Business and Professional Services > Health and Beauty Service > Hair Salon, Business and Professional Services > Health and Beauty Service > Nail Salon]",1,1.2563350695883995e-06,psic,rev5,,,exact,,,category,hairdressing beauty treatment day spa activities,962,"Hairdressing, beauty treatment, day spa and similar activities",SUBTREE,962,962|9622|96220|9621|96211,"Hairdressing, beauty treatment, day spa and similar activities || Beauty care and other beauty treatment activities || Beauty care and other beauty treatment activities || Hairdressing and barber activities || Hairdressing activities, other than barber activities",0.860616|0.466881|0.466881|0.296729|0.262443,0.860616,semantic:fsq:beauty;retrieval:strong_separated_hit,REVIEW_REQUIRED,1,LOW_FREQUENCY_RANDOM,CORRECT,SUBTREE,962,Semantically defensible at the proposed PSIC hierarchy level.
fsq,"[Retail > Food and Beverage Retail > Butcher, Retail > Food and Beverage Retail > Grocery Store, Retail > Food and Beverage Retail > Meat and Seafood Store]",1,1.2563350695883995e-06,psic,rev5,,,exact,,,category,retail sale Meat and Seafood Store,47,Retail Trade,EXACT,47215,47215|47213|4721|47219|47217,"Retail sale of fish, other seafood and seafood products || Retail sale of meat, meat products and poultry || Retail sale of food || Retail sale of food, n.e.c. || Retail sale of salt",0.610326|0.377363|0.358922|0.290445|0.281550,0.610326,semantic:fsq:retail;retrieval:strong_separated_hit,REVIEW_REQUIRED,1,LOW_FREQUENCY_RANDOM,TOO_NARROW,REVIEW,,"The source category explicitly includes meat and seafood, while 47215 covers fish/seafood only."
fsq,"[Community and Government > Spiritual Center, Community and Government > Residential Building > Apartment or Condo]",1,1.2563350695883995e-06,psic,rev5,,,exact,,,category,activities of religious organizations,,,NOT_ACTIVITY,,,,,,rule:high_precision_non_activity,REVIEW_REQUIRED,1,LOW_FREQUENCY_RANDOM,WRONG_KIND,REVIEW,,A clear economic/service activity is present alongside the non-activity label; the whole combined value should not be forced to NOT_ACTIVITY.
fsq,"[Retail > Market, Retail > Convenience Store]",1,1.2563350695883995e-06,psic,rev5,,,exact,,,category,retail selling in convenience stores,4711,"Non-specialized retail sale with food, beverages or tobacco predominating",EXACT,47114,47114|47113|47111|47115|47112,Retail selling in convenience stores || Retail selling in sari-sari stores || Retail selling in groceries || Retail selling in pasalubong stores or centers || Retail selling in supermarkets and hypermarkets,1.000000|0.446025|0.441785|0.432407|0.315958,1.000000,semantic:fsq:retail_convenience;retrieval:strong_separated_hit,REVIEW_REQUIRED,1,LOW_FREQUENCY_RANDOM,TOO_NARROW,REVIEW,,Convenience-store code selects one component of a combined source value containing a different retail/service class.
fsq,"[Retail > Fashion Retail > Clothing Store, 'Retail > Fashion Retail > Men\'s Store', Retail > Fashion Retail > Fashion Accessories Store]",1,1.2563350695883995e-06,psic,rev5,,,exact,,,category,retail sale garments clothing apparel,4771,"Retail sale of clothing, footwear and leather articles",EXACT,47711,47711|4771|47719|47712|47713,"Retail sale of garments, clothing, wearing apparel and clothing accessories || Retail sale of clothing, footwear and leather articles || Retail sale of clothing, footwear and leather articles, n.e.c. || Retail sale of footwear || Retail sale of leather goods and travel accessories of leather and leather substitutes",0.697789|0.311996|0.304685|0.244308|0.101870,0.697789,semantic:fsq:retail_clothing;retrieval:strong_separated_hit,REVIEW_REQUIRED,1,STRATIFIED_KIND_SOURCE_FREQ,CORRECT,EXACT,47711,Semantically defensible at the proposed PSIC hierarchy level.
fsq,"[Retail > Warehouse or Wholesale Store, Retail > Food and Beverage Retail > Meat and Seafood Store]",1,1.2563350695883995e-06,psic,rev5,,,exact,,,category,retail sale Meat and Seafood Store,47,Retail Trade,EXACT,47215,47215|47213|4721|47219|47217,"Retail sale of fish, other seafood and seafood products || Retail sale of meat, meat products and poultry || Retail sale of food || Retail sale of food, n.e.c. || Retail sale of salt",0.610326|0.377363|0.358922|0.290445|0.281550,0.610326,semantic:fsq:retail;retrieval:strong_separated_hit,REVIEW_REQUIRED,1,LOW_FREQUENCY_RANDOM,TOO_NARROW,REVIEW,,"The source category explicitly includes meat and seafood, while 47215 covers fish/seafood only."
fsq,"[Retail > Convenience Store, Business and Professional Services > Import and Export Service, Business and Professional Services > Wholesaler]",1,1.2563350695883995e-06,psic,rev5,,,exact,,,category,retail selling in convenience stores,4711,"Non-specialized retail sale with food, beverages or tobacco predominating",EXACT,47114,47114|47113|47111|47115|47112,Retail selling in convenience stores || Retail selling in sari-sari stores || Retail selling in groceries || Retail selling in pasalubong stores or centers || Retail selling in supermarkets and hypermarkets,1.000000|0.446025|0.441785|0.432407|0.315958,1.000000,semantic:fsq:retail_convenience;retrieval:strong_separated_hit,REVIEW_REQUIRED,1,STRATIFIED_KIND_SOURCE_FREQ,TOO_NARROW,REVIEW,,Convenience-store code selects one component of a combined source value containing a different retail/service class.
fsq,"[Dining and Drinking > Breakfast Spot, Travel and Transportation > Lodging > Hotel]",1,1.2563350695883995e-06,psic,rev5,,,exact,,,category,food and beverage service activities,56,Food and Beverage Service Activities,SUBTREE,56,56|5640|56400|564|56290,Food and Beverage Service Activities || Intermediation service activities for food and beverage services activities || Intermediation service activities for food and beverage services activities || Intermediation service activities for food and beverage services activities || Other food service activities,1.000000|0.669798|0.669798|0.669798|0.442780,1.000000,semantic:fsq:dining;retrieval:strong_separated_hit,REVIEW_REQUIRED,1,LOW_FREQUENCY_RANDOM,TOO_NARROW,REVIEW,,Food-service branch captures one component of a mixed Foursquare source value.
fsq,"[Business and Professional Services > Health and Beauty Service > Spa, Business and Professional Services > Health and Beauty Service > Nail Salon, Business and Professional Services > Health and Beauty Service > Hair Removal Service]",1,1.2563350695883995e-06,psic,rev5,,,exact,,,category,hairdressing beauty treatment day spa activities,962,"Hairdressing, beauty treatment, day spa and similar activities",SUBTREE,962,962|9622|96220|9621|96211,"Hairdressing, beauty treatment, day spa and similar activities || Beauty care and other beauty treatment activities || Beauty care and other beauty treatment activities || Hairdressing and barber activities || Hairdressing activities, other than barber activities",0.860616|0.466881|0.466881|0.296729|0.262443,0.860616,semantic:fsq:beauty;retrieval:strong_separated_hit,REVIEW_REQUIRED,1,LOW_FREQUENCY_RANDOM,CORRECT,SUBTREE,962,Semantically defensible at the proposed PSIC hierarchy level.
fsq,"[Retail > Pharmacy, Community and Government > Assisted Living, Retail > Drugstore]",1,1.2563350695883995e-06,psic,rev5,,,exact,,,category,retail sale pharmaceutical medical goods,4772,"Retail sale of pharmaceutical and medical goods, cosmetic and toilet articles",SUBTREE,4772,4772|47721|47723|47724|47722,"Retail sale of pharmaceutical and medical goods, cosmetic and toilet articles || Retail sale of prescription and over-the-counter drugs and pharmaceutical goods || Retail sale of medical, orthopedic and dental instruments and supplies || Retail sale of perfumery, cosmetic and toilet articles || Retail sale of non-medicinal wellness and herbal products and supplements",0.591138|0.353173|0.238311|0.134616|0.129968,0.591138,semantic:fsq:retail_pharmacy;retrieval:strong_separated_hit,REVIEW_REQUIRED,1,LOW_FREQUENCY_RANDOM,TOO_NARROW,REVIEW,,Pharmacy branch captures one activity but the combined source value contains another distinct health/retail/social activity.
fsq,"['Retail > Fashion Retail > Children\'s Clothing Store', Retail > Fashion Retail > Shoe Store, Retail > Miscellaneous Store]",1,1.2563350695883995e-06,psic,rev5,,,exact,,,category,retail sale garments clothing apparel,4771,"Retail sale of clothing, footwear and leather articles",EXACT,47711,47711|4771|47719|47712|47713,"Retail sale of garments, clothing, wearing apparel and clothing accessories || Retail sale of clothing, footwear and leather articles || Retail sale of clothing, footwear and leather articles, n.e.c. || Retail sale of footwear || Retail sale of leather goods and travel accessories of leather and leather substitutes",0.697789|0.311996|0.304685|0.244308|0.101870,0.697789,semantic:fsq:retail_clothing;retrieval:strong_separated_hit,REVIEW_REQUIRED,1,LOW_FREQUENCY_RANDOM,TOO_NARROW,REVIEW,,A clothing code matches one label but the combined Foursquare value contains another distinct activity/class.
fsq,"[Retail > Fashion Retail > Clothing Store, Business and Professional Services > Employment Agency]",1,1.2563350695883995e-06,psic,rev5,,,exact,,,category,retail sale garments clothing apparel,4771,"Retail sale of clothing, footwear and leather articles",EXACT,47711,47711|4771|47719|47712|47713,"Retail sale of garments, clothing, wearing apparel and clothing accessories || Retail sale of clothing, footwear and leather articles || Retail sale of clothing, footwear and leather articles, n.e.c. || Retail sale of footwear || Retail sale of leather goods and travel accessories of leather and leather substitutes",0.697789|0.311996|0.304685|0.244308|0.101870,0.697789,semantic:fsq:retail_clothing;retrieval:strong_separated_hit,REVIEW_REQUIRED,1,LOW_FREQUENCY_RANDOM,TOO_NARROW,REVIEW,,A clothing code matches one label but the combined Foursquare value contains another distinct activity/class.
fsq,"[Landmarks and Outdoors > Bike Trail, Sports and Recreation > Skating > Skate Park, Landmarks and Outdoors > Park]",1,1.2563350695883995e-06,psic,rev5,,,exact,,,category,"Landmarks and Outdoors Bike Trail, Sports and Recreation Skating Skate Park, Landmarks and Outdoors Park",,,NOT_ACTIVITY,,,,,,rule:high_precision_non_activity,REVIEW_REQUIRED,1,LOW_FREQUENCY_RANDOM,CORRECT,NOT_ACTIVITY,,Semantically defensible at the proposed PSIC hierarchy level.
fsq,"[Retail > Convenience Store, Retail > Market]",1,1.2563350695883995e-06,psic,rev5,,,exact,,,category,retail selling in convenience stores,4711,"Non-specialized retail sale with food, beverages or tobacco predominating",EXACT,47114,47114|47113|47111|47115|47112,Retail selling in convenience stores || Retail selling in sari-sari stores || Retail selling in groceries || Retail selling in pasalubong stores or centers || Retail selling in supermarkets and hypermarkets,1.000000|0.446025|0.441785|0.432407|0.315958,1.000000,semantic:fsq:retail_convenience;retrieval:strong_separated_hit,REVIEW_REQUIRED,1,STRATIFIED_KIND_SOURCE_FREQ,TOO_NARROW,REVIEW,,Convenience-store code selects one component of a combined source value containing a different retail/service class.
fsq,"[Dining and Drinking > Night Market, Retail > Flea Market]",1,1.2563350695883995e-06,psic,rev5,,,exact,,,category,food and beverage service activities,56,Food and Beverage Service Activities,SUBTREE,56,56|5640|56400|564|56290,Food and Beverage Service Activities || Intermediation service activities for food and beverage services activities || Intermediation service activities for food and beverage services activities || Intermediation service activities for food and beverage services activities || Other food service activities,1.000000|0.669798|0.669798|0.669798|0.442780,1.000000,semantic:fsq:dining;retrieval:strong_separated_hit,REVIEW_REQUIRED,1,LOW_FREQUENCY_RANDOM,TOO_NARROW,REVIEW,,Food-service branch captures one component of a mixed Foursquare source value.
fsq,"[Business and Professional Services > Health and Beauty Service > Spa, 'Health and Medicine > Physician > Doctor\'s Office', Business and Professional Services > Health and Beauty Service]",1,1.2563350695883995e-06,psic,rev5,,,exact,,,category,hairdressing beauty treatment day spa activities,962,"Hairdressing, beauty treatment, day spa and similar activities",SUBTREE,962,962|9622|96220|9621|96211,"Hairdressing, beauty treatment, day spa and similar activities || Beauty care and other beauty treatment activities || Beauty care and other beauty treatment activities || Hairdressing and barber activities || Hairdressing activities, other than barber activities",0.860616|0.466881|0.466881|0.296729|0.262443,0.860616,semantic:fsq:beauty;retrieval:strong_separated_hit,REVIEW_REQUIRED,1,LOW_FREQUENCY_RANDOM,CORRECT,SUBTREE,962,Semantically defensible at the proposed PSIC hierarchy level.
fsq,"[Health and Medicine > Mental Health Service > Mental Health Clinic, Health and Medicine > Physician > Psychiatrist, Health and Medicine > Hospital > Hospital Unit]",1,1.2563350695883995e-06,psic,rev5,,,exact,,,category,hospital activities,861,Hospital activities,SUBTREE,861,861|8611|8612|86129|86111,"Hospital activities || Public hospital activities || Private hospital activities || Private hospital activities, n.e.c. || Public general hospital activities",1.000000|0.759486|0.757450|0.723632|0.642941,1.000000,semantic:fsq:hospital;retrieval:strong_separated_hit,REVIEW_REQUIRED,1,LOW_FREQUENCY_RANDOM,CORRECT,SUBTREE,861,Semantically defensible at the proposed PSIC hierarchy level.
fsq,"[Travel and Transportation > Lodging > Vacation Rental, Community and Government > Residential Building > Apartment or Condo]",1,1.2563350695883995e-06,psic,rev5,,,exact,,,category,accommodation hotels and similar accommodation,,,NOT_ACTIVITY,,,,,,rule:high_precision_non_activity,REVIEW_REQUIRED,1,LOW_FREQUENCY_RANDOM,WRONG_KIND,REVIEW,,A clear economic/service activity is present alongside the non-activity label; the whole combined value should not be forced to NOT_ACTIVITY.
fsq,"[Sports and Recreation > Basketball > Basketball Court, Sports and Recreation > Volleyball Court, Sports and Recreation]",1,1.2563350695883995e-06,psic,rev5,,,exact,,,category,operation of courts for basketball volleyball badminton tennis and pickleball,93112,"Operation of courts for basketball, volleyball, badminton, tennis and pickleball",EXACT,93112,93112,"Operation of courts for basketball, volleyball, badminton, tennis and pickleball",0.961711,0.961711,semantic:fsq:sports_court;retrieval:strong_separated_hit,REVIEW_REQUIRED,1,LOW_FREQUENCY_RANDOM,CORRECT,EXACT,93112,Semantically defensible at the proposed PSIC hierarchy level.
fsq,"[Sports and Recreation > Gym and Studio, Sports and Recreation > Gym and Studio > Gym, Landmarks and Outdoors > Structure]",1,1.2563350695883995e-06,psic,rev5,,,exact,,,category,"Sports and Recreation Gym and Studio, Sports and Recreation Gym and Studio Gym, Landmarks and Outdoors Structure",,,NOT_ACTIVITY,,,,,,rule:high_precision_non_activity,REVIEW_REQUIRED,1,LOW_FREQUENCY_RANDOM,WRONG_KIND,REVIEW,,A clear economic/service activity is present alongside the non-activity label; the whole combined value should not be forced to NOT_ACTIVITY.
fsq,"[Dining and Drinking > Donut Shop, Dining and Drinking > Food Stand, Dining and Drinking > Snack Place]",1,1.2563350695883995e-06,psic,rev5,,,exact,,,category,food and beverage service activities,56,Food and Beverage Service Activities,SUBTREE,56,56|5640|56400|564|56290,Food and Beverage Service Activities || Intermediation service activities for food and beverage services activities || Intermediation service activities for food and beverage services activities || Intermediation service activities for food and beverage services activities || Other food service activities,1.000000|0.669798|0.669798|0.669798|0.442780,1.000000,semantic:fsq:dining;retrieval:strong_separated_hit,REVIEW_REQUIRED,1,LOW_FREQUENCY_RANDOM,CORRECT,SUBTREE,56,Semantically defensible at the proposed PSIC hierarchy level.
fsq,"[Retail > Food and Beverage Retail > Supermarket, Retail > Food and Beverage Retail > Grocery Store, Retail > Convenience Store]",1,1.2563350695883995e-06,psic,rev5,,,exact,,,category,retail selling in convenience stores,4711,"Non-specialized retail sale with food, beverages or tobacco predominating",EXACT,47114,47114|47113|47111|47115|47112,Retail selling in convenience stores || Retail selling in sari-sari stores || Retail selling in groceries || Retail selling in pasalubong stores or centers || Retail selling in supermarkets and hypermarkets,1.000000|0.446025|0.441785|0.432407|0.315958,1.000000,semantic:fsq:retail_convenience;retrieval:strong_separated_hit,REVIEW_REQUIRED,1,STRATIFIED_KIND_SOURCE_FREQ,TOO_NARROW,REVIEW,,Convenience-store code selects one component of a combined source value containing a different retail/service class.
fsq,"[Retail > Fashion Retail > Clothing Store, Retail > Music Store]",1,1.2563350695883995e-06,psic,rev5,,,exact,,,category,retail sale garments clothing apparel,4771,"Retail sale of clothing, footwear and leather articles",EXACT,47711,47711|4771|47719|47712|47713,"Retail sale of garments, clothing, wearing apparel and clothing accessories || Retail sale of clothing, footwear and leather articles || Retail sale of clothing, footwear and leather articles, n.e.c. || Retail sale of footwear || Retail sale of leather goods and travel accessories of leather and leather substitutes",0.697789|0.311996|0.304685|0.244308|0.101870,0.697789,semantic:fsq:retail_clothing;retrieval:strong_separated_hit,REVIEW_REQUIRED,1,LOW_FREQUENCY_RANDOM,TOO_NARROW,REVIEW,,A clothing code matches one label but the combined Foursquare value contains another distinct activity/class.
fsq,"[Retail > Sporting Goods Retail, Retail > Fashion Retail > Clothing Store, Retail > Outlet Store]",1,1.2563350695883995e-06,psic,rev5,,,exact,,,category,retail sale garments clothing apparel,4771,"Retail sale of clothing, footwear and leather articles",EXACT,47711,47711|4771|47719|47712|47713,"Retail sale of garments, clothing, wearing apparel and clothing accessories || Retail sale of clothing, footwear and leather articles || Retail sale of clothing, footwear and leather articles, n.e.c. || Retail sale of footwear || Retail sale of leather goods and travel accessories of leather and leather substitutes",0.697789|0.311996|0.304685|0.244308|0.101870,0.697789,semantic:fsq:retail_clothing;retrieval:strong_separated_hit,REVIEW_REQUIRED,1,LOW_FREQUENCY_RANDOM,TOO_NARROW,REVIEW,,A clothing code matches one label but the combined Foursquare value contains another distinct activity/class.
fsq,"[Business and Professional Services > Laundry Service, Business and Professional Services > Laundromat, Landmarks and Outdoors > Structure]",1,1.2563350695883995e-06,psic,rev5,,,exact,,,category,"Business and Professional Services Laundry Service, Business and Professional Services Laundromat, Landmarks and Outdoors Structure",,,NOT_ACTIVITY,,,,,,rule:high_precision_non_activity,REVIEW_REQUIRED,1,LOW_FREQUENCY_RANDOM,WRONG_KIND,REVIEW,,A clear economic/service activity is present alongside the non-activity label; the whole combined value should not be forced to NOT_ACTIVITY.
fsq,"[Health and Medicine > Hospital, Business and Professional Services > Health and Beauty Service > Skin Care Clinic]",1,1.2563350695883995e-06,psic,rev5,,,exact,,,category,hospital activities,861,Hospital activities,SUBTREE,861,861|8611|8612|86129|86111,"Hospital activities || Public hospital activities || Private hospital activities || Private hospital activities, n.e.c. || Public general hospital activities",1.000000|0.759486|0.757450|0.723632|0.642941,1.000000,semantic:fsq:hospital;retrieval:strong_separated_hit,REVIEW_REQUIRED,1,LOW_FREQUENCY_RANDOM,TOO_NARROW,REVIEW,,Hospital and skin-care clinic labels are distinct activities; a single hospital subtree is overconfident.
fsq,"[Arts and Entertainment > Stadium > Basketball Stadium, Community and Government > Residential Building > Apartment or Condo]",1,1.2563350695883995e-06,psic,rev5,,,exact,,,category,"Arts and Entertainment Stadium Basketball Stadium, Community and Government Residential Building Apartment or Condo",,,NOT_ACTIVITY,,,,,,rule:high_precision_non_activity,REVIEW_REQUIRED,1,STRATIFIED_KIND_SOURCE_FREQ,WRONG_KIND,REVIEW,,A clear economic/service activity is present alongside the non-activity label; the whole combined value should not be forced to NOT_ACTIVITY.
fsq,"[Landmarks and Outdoors > Park > Dog Park, Landmarks and Outdoors > Park > Playground, Landmarks and Outdoors > Beach]",1,1.2563350695883995e-06,psic,rev5,,,exact,,,category,"Landmarks and Outdoors Park Dog Park, Landmarks and Outdoors Park Playground, Landmarks and Outdoors Beach",,,NOT_ACTIVITY,,,,,,rule:high_precision_non_activity,REVIEW_REQUIRED,1,LOW_FREQUENCY_RANDOM,CORRECT,NOT_ACTIVITY,,Semantically defensible at the proposed PSIC hierarchy level.
fsq,"[Retail > Food and Beverage Retail > Health Food Store, Retail > Food and Beverage Retail > Grocery Store > Organic Grocery, Retail > Convenience Store]",1,1.2563350695883995e-06,psic,rev5,,,exact,,,category,retail selling in convenience stores,4711,"Non-specialized retail sale with food, beverages or tobacco predominating",EXACT,47114,47114|47113|47111|47115|47112,Retail selling in convenience stores || Retail selling in sari-sari stores || Retail selling in groceries || Retail selling in pasalubong stores or centers || Retail selling in supermarkets and hypermarkets,1.000000|0.446025|0.441785|0.432407|0.315958,1.000000,semantic:fsq:retail_convenience;retrieval:strong_separated_hit,REVIEW_REQUIRED,1,LOW_FREQUENCY_RANDOM,TOO_NARROW,REVIEW,,Convenience-store code selects one component of a combined source value containing a different retail/service class.
fsq,"[Dining and Drinking > Dessert Shop > Frozen Yogurt Shop, Retail > Pop-Up Store]",1,1.2563350695883995e-06,psic,rev5,,,exact,,,category,food and beverage service activities,56,Food and Beverage Service Activities,SUBTREE,56,56|5640|56400|564|56290,Food and Beverage Service Activities || Intermediation service activities for food and beverage services activities || Intermediation service activities for food and beverage services activities || Intermediation service activities for food and beverage services activities || Other food service activities,1.000000|0.669798|0.669798|0.669798|0.442780,1.000000,semantic:fsq:dining;retrieval:strong_separated_hit,REVIEW_REQUIRED,1,STRATIFIED_KIND_SOURCE_FREQ,TOO_NARROW,REVIEW,,Food-service branch captures one component of a mixed Foursquare source value.
fsq,"[Business and Professional Services > Health and Beauty Service > Hair Salon, Dining and Drinking > Restaurant]",1,1.2563350695883995e-06,psic,rev5,,,exact,,,category,hairdressing beauty treatment day spa activities,962,"Hairdressing, beauty treatment, day spa and similar activities",SUBTREE,962,962|9622|96220|9621|96211,"Hairdressing, beauty treatment, day spa and similar activities || Beauty care and other beauty treatment activities || Beauty care and other beauty treatment activities || Hairdressing and barber activities || Hairdressing activities, other than barber activities",0.860616|0.466881|0.466881|0.296729|0.262443,0.860616,semantic:fsq:beauty;retrieval:strong_separated_hit,REVIEW_REQUIRED,1,LOW_FREQUENCY_RANDOM,CORRECT,SUBTREE,962,Semantically defensible at the proposed PSIC hierarchy level.
fsq,"[Business and Professional Services > Health and Beauty Service, Business and Professional Services > Health and Beauty Service > Hair Salon, Business and Professional Services > Health and Beauty Service > Spa]",1,1.2563350695883995e-06,psic,rev5,,,exact,,,category,hairdressing beauty treatment day spa activities,962,"Hairdressing, beauty treatment, day spa and similar activities",SUBTREE,962,962|9622|96220|9621|96211,"Hairdressing, beauty treatment, day spa and similar activities || Beauty care and other beauty treatment activities || Beauty care and other beauty treatment activities || Hairdressing and barber activities || Hairdressing activities, other than barber activities",0.860616|0.466881|0.466881|0.296729|0.262443,0.860616,semantic:fsq:beauty;retrieval:strong_separated_hit,REVIEW_REQUIRED,1,LOW_FREQUENCY_RANDOM,CORRECT,SUBTREE,962,Semantically defensible at the proposed PSIC hierarchy level.
fsq,"[Community and Government > Housing Development, Community and Government > Assisted Living, Landmarks and Outdoors > Structure]",1,1.2563350695883995e-06,psic,rev5,,,exact,,,category,"Community and Government Housing Development, Community and Government Assisted Living, Landmarks and Outdoors Structure",,,NOT_ACTIVITY,,,,,,rule:high_precision_non_activity,REVIEW_REQUIRED,1,STRATIFIED_KIND_SOURCE_FREQ,WRONG_KIND,REVIEW,,A clear economic/service activity is present alongside the non-activity label; the whole combined value should not be forced to NOT_ACTIVITY.
fsq,"[Travel and Transportation > Lodging > Hotel, Travel and Transportation > Lodging > Hostel, Community and Government > Residential Building > Apartment or Condo]",1,1.2563350695883995e-06,psic,rev5,,,exact,,,category,accommodation hotels and similar accommodation,,,NOT_ACTIVITY,,,,,,rule:high_precision_non_activity,REVIEW_REQUIRED,1,LOW_FREQUENCY_RANDOM,WRONG_KIND,REVIEW,,A clear economic/service activity is present alongside the non-activity label; the whole combined value should not be forced to NOT_ACTIVITY.
fsq,"[Retail > Fashion Retail > Clothing Store, Retail > Boutique, Arts and Entertainment > Art Gallery]",1,1.2563350695883995e-06,psic,rev5,,,exact,,,category,retail sale garments clothing apparel,4771,"Retail sale of clothing, footwear and leather articles",EXACT,47711,47711|4771|47719|47712|47713,"Retail sale of garments, clothing, wearing apparel and clothing accessories || Retail sale of clothing, footwear and leather articles || Retail sale of clothing, footwear and leather articles, n.e.c. || Retail sale of footwear || Retail sale of leather goods and travel accessories of leather and leather substitutes",0.697789|0.311996|0.304685|0.244308|0.101870,0.697789,semantic:fsq:retail_clothing;retrieval:strong_separated_hit,REVIEW_REQUIRED,1,LOW_FREQUENCY_RANDOM,CORRECT,EXACT,47711,Semantically defensible at the proposed PSIC hierarchy level.
fsq,"[Retail > Convenience Store, Retail > Food and Beverage Retail, Dining and Drinking > Dessert Shop > Ice Cream Parlor]",1,1.2563350695883995e-06,psic,rev5,,,exact,,,category,retail selling in convenience stores,4711,"Non-specialized retail sale with food, beverages or tobacco predominating",EXACT,47114,47114|47113|47111|47115|47112,Retail selling in convenience stores || Retail selling in sari-sari stores || Retail selling in groceries || Retail selling in pasalubong stores or centers || Retail selling in supermarkets and hypermarkets,1.000000|0.446025|0.441785|0.432407|0.315958,1.000000,semantic:fsq:retail_convenience;retrieval:strong_separated_hit,REVIEW_REQUIRED,1,LOW_FREQUENCY_RANDOM,TOO_NARROW,REVIEW,,Convenience-store code selects one component of a combined source value containing a different retail/service class.
fsq,"[Retail > Hardware Store, Landmarks and Outdoors > Structure]",1,1.2563350695883995e-06,psic,rev5,,,exact,,,category,retail sale hardware building materials,,,NOT_ACTIVITY,,,,,,rule:high_precision_non_activity,REVIEW_REQUIRED,1,STRATIFIED_KIND_SOURCE_FREQ,WRONG_KIND,REVIEW,,A clear economic/service activity is present alongside the non-activity label; the whole combined value should not be forced to NOT_ACTIVITY.
fsq,"[Business and Professional Services > Office > Meeting Room, Business and Professional Services > Office, Landmarks and Outdoors > Structure]",1,1.2563350695883995e-06,psic,rev5,,,exact,,,category,"Business and Professional Services Office Meeting Room, Business and Professional Services Office, Landmarks and Outdoors Structure",,,NOT_ACTIVITY,,,,,,rule:high_precision_non_activity,REVIEW_REQUIRED,1,LOW_FREQUENCY_RANDOM,WRONG_KIND,REVIEW,,A clear economic/service activity is present alongside the non-activity label; the whole combined value should not be forced to NOT_ACTIVITY.
fsq,"[Sports and Recreation > Basketball > Basketball Court, Retail > Sporting Goods Retail]",1,1.2563350695883995e-06,psic,rev5,,,exact,,,category,operation of courts for basketball volleyball badminton tennis and pickleball,93112,"Operation of courts for basketball, volleyball, badminton, tennis and pickleball",EXACT,93112,93112,"Operation of courts for basketball, volleyball, badminton, tennis and pickleball",0.961711,0.961711,semantic:fsq:sports_court;retrieval:strong_separated_hit,REVIEW_REQUIRED,1,LOW_FREQUENCY_RANDOM,TOO_NARROW,REVIEW,,Court-operation code captures one of multiple distinct activities in the combined source value.
fsq,"[Community and Government > Government Building > Law Enforcement and Public Safety > Police Station, Landmarks and Outdoors > Structure]",1,1.2563350695883995e-06,psic,rev5,,,exact,,,category,general public administration activities,,,NOT_ACTIVITY,,,,,,rule:high_precision_non_activity,REVIEW_REQUIRED,1,LOW_FREQUENCY_RANDOM,WRONG_KIND,REVIEW,,A clear economic/service activity is present alongside the non-activity label; the whole combined value should not be forced to NOT_ACTIVITY.
fsq,"[Retail > Arts and Crafts Store, Retail > Souvenir Store, Retail > Fashion Retail > Clothing Store]",1,1.2563350695883995e-06,psic,rev5,,,exact,,,category,retail sale garments clothing apparel,4771,"Retail sale of clothing, footwear and leather articles",EXACT,47711,47711|4771|47719|47712|47713,"Retail sale of garments, clothing, wearing apparel and clothing accessories || Retail sale of clothing, footwear and leather articles || Retail sale of clothing, footwear and leather articles, n.e.c. || Retail sale of footwear || Retail sale of leather goods and travel accessories of leather and leather substitutes",0.697789|0.311996|0.304685|0.244308|0.101870,0.697789,semantic:fsq:retail_clothing;retrieval:strong_separated_hit,REVIEW_REQUIRED,1,LOW_FREQUENCY_RANDOM,TOO_NARROW,REVIEW,,A clothing code matches one label but the combined Foursquare value contains another distinct activity/class.
fsq,"[Arts and Entertainment > Public Art > Street Art, Travel and Transportation > Road]",1,1.2563350695883995e-06,psic,rev5,,,exact,,,category,"Arts and Entertainment Public Art Street Art, Travel and Transportation Road",,,NOT_ACTIVITY,,,,,,rule:high_precision_non_activity,REVIEW_REQUIRED,1,STRATIFIED_KIND_SOURCE_FREQ;LOW_FREQUENCY_RANDOM,CORRECT,NOT_ACTIVITY,,Semantically defensible at the proposed PSIC hierarchy level.
fsq,"[Retail > Convenience Store, Retail > Food and Beverage Retail > Grocery Store, Dining and Drinking > Restaurant > Fried Chicken Joint]",1,1.2563350695883995e-06,psic,rev5,,,exact,,,category,retail selling in convenience stores,4711,"Non-specialized retail sale with food, beverages or tobacco predominating",EXACT,47114,47114|47113|47111|47115|47112,Retail selling in convenience stores || Retail selling in sari-sari stores || Retail selling in groceries || Retail selling in pasalubong stores or centers || Retail selling in supermarkets and hypermarkets,1.000000|0.446025|0.441785|0.432407|0.315958,1.000000,semantic:fsq:retail_convenience;retrieval:strong_separated_hit,REVIEW_REQUIRED,1,STRATIFIED_KIND_SOURCE_FREQ,TOO_NARROW,REVIEW,,Convenience-store code selects one component of a combined source value containing a different retail/service class.
fsq,"[Dining and Drinking > Dessert Shop > Waffle Shop, Dining and Drinking > Snack Place, Dining and Drinking > Dessert Shop]",1,1.2563350695883995e-06,psic,rev5,,,exact,,,category,food and beverage service activities,56,Food and Beverage Service Activities,SUBTREE,56,56|5640|56400|564|56290,Food and Beverage Service Activities || Intermediation service activities for food and beverage services activities || Intermediation service activities for food and beverage services activities || Intermediation service activities for food and beverage services activities || Other food service activities,1.000000|0.669798|0.669798|0.669798|0.442780,1.000000,semantic:fsq:dining;retrieval:strong_separated_hit,REVIEW_REQUIRED,1,LOW_FREQUENCY_RANDOM,CORRECT,SUBTREE,56,Semantically defensible at the proposed PSIC hierarchy level.
fsq,"[Travel and Transportation > Rest Area, Community and Government > Residential Building > Apartment or Condo]",1,1.2563350695883995e-06,psic,rev5,,,exact,,,category,"Travel and Transportation Rest Area, Community and Government Residential Building Apartment or Condo",,,NOT_ACTIVITY,,,,,,rule:high_precision_non_activity,REVIEW_REQUIRED,1,LOW_FREQUENCY_RANDOM,CORRECT,NOT_ACTIVITY,,Semantically defensible at the proposed PSIC hierarchy level.
fsq,"[Health and Medicine > Physician > Family Medicine Doctor, 'Health and Medicine > Physician > Doctor\'s Office', Health and Medicine > Hospital > Hospital Unit]",1,1.2563350695883995e-06,psic,rev5,,,exact,,,category,hospital activities,861,Hospital activities,SUBTREE,861,861|8611|8612|86129|86111,"Hospital activities || Public hospital activities || Private hospital activities || Private hospital activities, n.e.c. || Public general hospital activities",1.000000|0.759486|0.757450|0.723632|0.642941,1.000000,semantic:fsq:hospital;retrieval:strong_separated_hit,REVIEW_REQUIRED,1,LOW_FREQUENCY_RANDOM,CORRECT,SUBTREE,861,Semantically defensible at the proposed PSIC hierarchy level.
fsq,"[Retail > Board Store, Retail > Fashion Retail > Clothing Store]",1,1.2563350695883995e-06,psic,rev5,,,exact,,,category,retail sale garments clothing apparel,4771,"Retail sale of clothing, footwear and leather articles",EXACT,47711,47711|4771|47719|47712|47713,"Retail sale of garments, clothing, wearing apparel and clothing accessories || Retail sale of clothing, footwear and leather articles || Retail sale of clothing, footwear and leather articles, n.e.c. || Retail sale of footwear || Retail sale of leather goods and travel accessories of leather and leather substitutes",0.697789|0.311996|0.304685|0.244308|0.101870,0.697789,semantic:fsq:retail_clothing;retrieval:strong_separated_hit,REVIEW_REQUIRED,1,LOW_FREQUENCY_RANDOM,TOO_NARROW,REVIEW,,A clothing code matches one label but the combined Foursquare value contains another distinct activity/class.
fsq,"[Business and Professional Services > Funeral Home, Community and Government > Spiritual Center, Landmarks and Outdoors > Structure]",1,1.2563350695883995e-06,psic,rev5,,,exact,,,category,"Business and Professional Services Funeral Home, Community and Government Spiritual Center, Landmarks and Outdoors Structure",,,NOT_ACTIVITY,,,,,,rule:high_precision_non_activity,REVIEW_REQUIRED,1,LOW_FREQUENCY_RANDOM,WRONG_KIND,REVIEW,,A clear economic/service activity is present alongside the non-activity label; the whole combined value should not be forced to NOT_ACTIVITY.
fsq,"[Dining and Drinking > Bar, Community and Government > Residential Building > Apartment or Condo]",1,1.2563350695883995e-06,psic,rev5,,,exact,,,category,beverage serving activities cafes coffee shops,,,NOT_ACTIVITY,,,,,,rule:high_precision_non_activity,REVIEW_REQUIRED,1,LOW_FREQUENCY_RANDOM,WRONG_KIND,REVIEW,,A clear economic/service activity is present alongside the non-activity label; the whole combined value should not be forced to NOT_ACTIVITY.
fsq,"[Dining and Drinking > Dessert Shop, Dining and Drinking > Creperie]",1,1.2563350695883995e-06,psic,rev5,,,exact,,,category,food and beverage service activities,56,Food and Beverage Service Activities,SUBTREE,56,56|5640|56400|564|56290,Food and Beverage Service Activities || Intermediation service activities for food and beverage services activities || Intermediation service activities for food and beverage services activities || Intermediation service activities for food and beverage services activities || Other food service activities,1.000000|0.669798|0.669798|0.669798|0.442780,1.000000,semantic:fsq:dining;retrieval:strong_separated_hit,REVIEW_REQUIRED,1,STRATIFIED_KIND_SOURCE_FREQ,CORRECT,SUBTREE,56,Semantically defensible at the proposed PSIC hierarchy level.
fsq,"[Business and Professional Services > Food and Beverage Service > Food Distribution Center, Business and Professional Services > Food and Beverage Service]",1,1.2563350695883995e-06,psic,rev5,,,exact,,,category,"Business and Professional Services Food and Beverage Service Food Distribution Center, Business and Professional Services Food and Beverage Service",,,SUBTREE,56,56|5640|564|56400|56290,Food and Beverage Service Activities || Intermediation service activities for food and beverage services activities || Intermediation service activities for food and beverage services activities || Intermediation service activities for food and beverage services activities || Other food service activities,0.641675|0.461131|0.461131|0.461131|0.247456,0.641675,semantic:raw_category;retrieval:strong_separated_hit,REVIEW_REQUIRED,1,LOW_FREQUENCY_RANDOM,WRONG_CODE,REVIEW,,"Food distribution center is logistics/wholesale/distribution, not food-and-beverage service activity."
fsq,"[Dining and Drinking > Food Stand, Dining and Drinking > Breakfast Spot, Dining and Drinking > Food Court]",1,1.2563350695883995e-06,psic,rev5,,,exact,,,category,food and beverage service activities,56,Food and Beverage Service Activities,SUBTREE,56,56|5640|56400|564|56290,Food and Beverage Service Activities || Intermediation service activities for food and beverage services activities || Intermediation service activities for food and beverage services activities || Intermediation service activities for food and beverage services activities || Other food service activities,1.000000|0.669798|0.669798|0.669798|0.442780,1.000000,semantic:fsq:dining;retrieval:strong_separated_hit,REVIEW_REQUIRED,1,LOW_FREQUENCY_RANDOM,CORRECT,SUBTREE,56,Semantically defensible at the proposed PSIC hierarchy level.
fsq,"[Sports and Recreation > Basketball > Basketball Court, Landmarks and Outdoors > Park, Business and Professional Services > Event Space]",1,1.2563350695883995e-06,psic,rev5,,,exact,,,category,operation of courts for basketball volleyball badminton tennis and pickleball,93112,"Operation of courts for basketball, volleyball, badminton, tennis and pickleball",EXACT,93112,93112,"Operation of courts for basketball, volleyball, badminton, tennis and pickleball",0.961711,0.961711,semantic:fsq:sports_court;retrieval:strong_separated_hit,REVIEW_REQUIRED,1,LOW_FREQUENCY_RANDOM,CORRECT,EXACT,93112,Semantically defensible at the proposed PSIC hierarchy level.
fsq,"[Landmarks and Outdoors > Monument, Landmarks and Outdoors > Park]",1,1.2563350695883995e-06,psic,rev5,,,exact,,,category,"Landmarks and Outdoors Monument, Landmarks and Outdoors Park",,,NOT_ACTIVITY,,,,,,rule:high_precision_non_activity,REVIEW_REQUIRED,1,LOW_FREQUENCY_RANDOM,CORRECT,NOT_ACTIVITY,,Semantically defensible at the proposed PSIC hierarchy level.
fsq,"[Arts and Entertainment > Strip Club, Dining and Drinking > Bar > Beer Garden, Community and Government > Residential Building > Apartment or Condo]",1,1.2563350695883995e-06,psic,rev5,,,exact,,,category,"Arts and Entertainment Strip Club, Dining and Drinking Bar Beer Garden, Community and Government Residential Building Apartment or Condo",,,NOT_ACTIVITY,,,,,,rule:high_precision_non_activity,REVIEW_REQUIRED,1,LOW_FREQUENCY_RANDOM,WRONG_KIND,REVIEW,,A clear economic/service activity is present alongside the non-activity label; the whole combined value should not be forced to NOT_ACTIVITY.
fsq,"[Retail > Miscellaneous Store, Retail > Stationery Store, Retail > Souvenir Store]",1,1.2563350695883995e-06,psic,rev5,,,exact,,,category,retail sale Souvenir Store,47,Retail Trade,EXACT,47193,47193|4721|47217|47219|47761,"Retail sale in handicraft and souvenir products || Retail sale of food || Retail sale of salt || Retail sale of food, n.e.c. || Retail sale of pet",0.524994|0.368651|0.344866|0.339569|0.338522,0.524994,semantic:fsq:retail;retrieval:strong_separated_hit,REVIEW_REQUIRED,1,LOW_FREQUENCY_RANDOM,CORRECT,EXACT,47193,Semantically defensible at the proposed PSIC hierarchy level.
fsq,"[Retail > Fashion Retail > Clothing Store, Retail > Pop-Up Store]",1,1.2563350695883995e-06,psic,rev5,,,exact,,,category,retail sale garments clothing apparel,4771,"Retail sale of clothing, footwear and leather articles",EXACT,47711,47711|4771|47719|47712|47713,"Retail sale of garments, clothing, wearing apparel and clothing accessories || Retail sale of clothing, footwear and leather articles || Retail sale of clothing, footwear and leather articles, n.e.c. || Retail sale of footwear || Retail sale of leather goods and travel accessories of leather and leather substitutes",0.697789|0.311996|0.304685|0.244308|0.101870,0.697789,semantic:fsq:retail_clothing;retrieval:strong_separated_hit,REVIEW_REQUIRED,1,LOW_FREQUENCY_RANDOM,CORRECT,EXACT,47711,Semantically defensible at the proposed PSIC hierarchy level.
fsq,"[Dining and Drinking > Dessert Shop > Pie Shop, Dining and Drinking > Snack Place]",1,1.2563350695883995e-06,psic,rev5,,,exact,,,category,food and beverage service activities,56,Food and Beverage Service Activities,SUBTREE,56,56|5640|56400|564|56290,Food and Beverage Service Activities || Intermediation service activities for food and beverage services activities || Intermediation service activities for food and beverage services activities || Intermediation service activities for food and beverage services activities || Other food service activities,1.000000|0.669798|0.669798|0.669798|0.442780,1.000000,semantic:fsq:dining;retrieval:strong_separated_hit,REVIEW_REQUIRED,1,LOW_FREQUENCY_RANDOM,CORRECT,SUBTREE,56,Semantically defensible at the proposed PSIC hierarchy level.
fsq,"['Health and Medicine > Physician > Doctor\'s Office', Retail > Pharmacy, Retail > Convenience Store]",1,1.2563350695883995e-06,psic,rev5,,,exact,,,category,retail sale pharmaceutical medical goods,4772,"Retail sale of pharmaceutical and medical goods, cosmetic and toilet articles",SUBTREE,4772,4772|47721|47723|47724|47722,"Retail sale of pharmaceutical and medical goods, cosmetic and toilet articles || Retail sale of prescription and over-the-counter drugs and pharmaceutical goods || Retail sale of medical, orthopedic and dental instruments and supplies || Retail sale of perfumery, cosmetic and toilet articles || Retail sale of non-medicinal wellness and herbal products and supplements",0.591138|0.353173|0.238311|0.134616|0.129968,0.591138,semantic:fsq:pharmacy;retrieval:strong_separated_hit,REVIEW_REQUIRED,1,LOW_FREQUENCY_RANDOM,TOO_NARROW,REVIEW,,Pharmacy branch captures one activity but the combined source value contains another distinct health/retail/social activity.
fsq,"[Business and Professional Services > Health and Beauty Service > Spa, Retail > Cosmetics Store, 'Health and Medicine > Physician > Doctor\'s Office']",1,1.2563350695883995e-06,psic,rev5,,,exact,,,category,hairdressing beauty treatment day spa activities,962,"Hairdressing, beauty treatment, day spa and similar activities",SUBTREE,962,962|9622|96220|9621|96211,"Hairdressing, beauty treatment, day spa and similar activities || Beauty care and other beauty treatment activities || Beauty care and other beauty treatment activities || Hairdressing and barber activities || Hairdressing activities, other than barber activities",0.860616|0.466881|0.466881|0.296729|0.262443,0.860616,semantic:fsq:beauty;retrieval:strong_separated_hit,REVIEW_REQUIRED,1,STRATIFIED_KIND_SOURCE_FREQ,TOO_NARROW,REVIEW,,Beauty/spa branch captures one component of a mixed source value containing a distinct medical/retail activity.
fsq,"[Retail > Baby Store, 'Retail > Fashion Retail > Women\'s Store', 'Retail > Fashion Retail > Children\'s Clothing Store']",1,1.2563350695883995e-06,psic,rev5,,,exact,,,category,retail sale garments clothing apparel,4771,"Retail sale of clothing, footwear and leather articles",EXACT,47711,47711|4771|47719|47712|47713,"Retail sale of garments, clothing, wearing apparel and clothing accessories || Retail sale of clothing, footwear and leather articles || Retail sale of clothing, footwear and leather articles, n.e.c. || Retail sale of footwear || Retail sale of leather goods and travel accessories of leather and leather substitutes",0.697789|0.311996|0.304685|0.244308|0.101870,0.697789,semantic:fsq:retail_clothing;retrieval:strong_separated_hit,REVIEW_REQUIRED,1,LOW_FREQUENCY_RANDOM,TOO_NARROW,REVIEW,,A clothing code matches one label but the combined Foursquare value contains another distinct activity/class.
fsq,"[Business and Professional Services > Health and Beauty Service > Hair Salon, Business and Professional Services > Health and Beauty Service > Nail Salon, Business and Professional Services > Health and Beauty Service > Massage Clinic]",1,1.2563350695883995e-06,psic,rev5,,,exact,,,category,hairdressing beauty treatment day spa activities,962,"Hairdressing, beauty treatment, day spa and similar activities",SUBTREE,962,962|9622|96220|9621|96211,"Hairdressing, beauty treatment, day spa and similar activities || Beauty care and other beauty treatment activities || Beauty care and other beauty treatment activities || Hairdressing and barber activities || Hairdressing activities, other than barber activities",0.860616|0.466881|0.466881|0.296729|0.262443,0.860616,semantic:fsq:beauty;retrieval:strong_separated_hit,REVIEW_REQUIRED,1,LOW_FREQUENCY_RANDOM,CORRECT,SUBTREE,962,Semantically defensible at the proposed PSIC hierarchy level.
fsq,"[Retail > Convenience Store, Retail > Fashion Retail > Shoe Store]",1,1.2563350695883995e-06,psic,rev5,,,exact,,,category,retail selling in convenience stores,4711,"Non-specialized retail sale with food, beverages or tobacco predominating",EXACT,47114,47114|47113|47111|47115|47112,Retail selling in convenience stores || Retail selling in sari-sari stores || Retail selling in groceries || Retail selling in pasalubong stores or centers || Retail selling in supermarkets and hypermarkets,1.000000|0.446025|0.441785|0.432407|0.315958,1.000000,semantic:fsq:retail_convenience;retrieval:strong_separated_hit,REVIEW_REQUIRED,1,LOW_FREQUENCY_RANDOM,TOO_NARROW,REVIEW,,Convenience-store code selects one component of a combined source value containing a different retail/service class.
fsq,"[Landmarks and Outdoors > Monument, Landmarks and Outdoors > Structure]",1,1.2563350695883995e-06,psic,rev5,,,exact,,,category,"Landmarks and Outdoors Monument, Landmarks and Outdoors Structure",,,NOT_ACTIVITY,,,,,,rule:high_precision_non_activity,REVIEW_REQUIRED,1,LOW_FREQUENCY_RANDOM,CORRECT,NOT_ACTIVITY,,Semantically defensible at the proposed PSIC hierarchy level.
fsq,"[Landmarks and Outdoors > Roof Deck, Community and Government > Residential Building > Apartment or Condo, Landmarks and Outdoors > Structure]",1,1.2563350695883995e-06,psic,rev5,,,exact,,,category,"Landmarks and Outdoors Roof Deck, Community and Government Residential Building Apartment or Condo, Landmarks and Outdoors Structure",,,NOT_ACTIVITY,,,,,,rule:high_precision_non_activity,REVIEW_REQUIRED,1,LOW_FREQUENCY_RANDOM,CORRECT,NOT_ACTIVITY,,Semantically defensible at the proposed PSIC hierarchy level.
fsq,"[Business and Professional Services > Food and Beverage Service, Business and Professional Services > Industrial Estate, Retail > Food and Beverage Retail]",1,1.2563350695883995e-06,psic,rev5,,,exact,,,category,"Business and Professional Services Food and Beverage Service, Business and Professional Services Industrial Estate, Retail Food and Beverage Retail",,,SUBTREE,56,56|56400|5640|564|5630,Food and Beverage Service Activities || Intermediation service activities for food and beverage services activities || Intermediation service activities for food and beverage services activities || Intermediation service activities for food and beverage services activities || Beverage serving activities,0.573391|0.434916|0.434916|0.434916|0.225769,0.573391,semantic:raw_category;retrieval:strong_separated_hit,REVIEW_REQUIRED,1,LOW_FREQUENCY_RANDOM,TOO_NARROW,REVIEW,,Food-service branch captures one component of a mixed Foursquare source value.
fsq,"['Retail > Fashion Retail > Children\'s Clothing Store', Retail > Fashion Retail > Shoe Store]",1,1.2563350695883995e-06,psic,rev5,,,exact,,,category,retail sale garments clothing apparel,4771,"Retail sale of clothing, footwear and leather articles",EXACT,47711,47711|4771|47719|47712|47713,"Retail sale of garments, clothing, wearing apparel and clothing accessories || Retail sale of clothing, footwear and leather articles || Retail sale of clothing, footwear and leather articles, n.e.c. || Retail sale of footwear || Retail sale of leather goods and travel accessories of leather and leather substitutes",0.697789|0.311996|0.304685|0.244308|0.101870,0.697789,semantic:fsq:retail_clothing;retrieval:strong_separated_hit,REVIEW_REQUIRED,1,LOW_FREQUENCY_RANDOM,TOO_NARROW,REVIEW,,A clothing code matches one label but the combined Foursquare value contains another distinct activity/class.
fsq,"[Retail > Boutique, Retail > Miscellaneous Store, Retail > Fashion Retail > Clothing Store]",1,1.2563350695883995e-06,psic,rev5,,,exact,,,category,retail sale garments clothing apparel,4771,"Retail sale of clothing, footwear and leather articles",EXACT,47711,47711|4771|47719|47712|47713,"Retail sale of garments, clothing, wearing apparel and clothing accessories || Retail sale of clothing, footwear and leather articles || Retail sale of clothing, footwear and leather articles, n.e.c. || Retail sale of footwear || Retail sale of leather goods and travel accessories of leather and leather substitutes",0.697789|0.311996|0.304685|0.244308|0.101870,0.697789,semantic:fsq:retail_clothing;retrieval:strong_separated_hit,REVIEW_REQUIRED,1,STRATIFIED_KIND_SOURCE_FREQ,CORRECT,EXACT,47711,Semantically defensible at the proposed PSIC hierarchy level.
fsq,"[Retail > Food and Beverage Retail > Imported Food Store, Retail > Convenience Store, Retail > Food and Beverage Retail > Grocery Store]",1,1.2563350695883995e-06,psic,rev5,,,exact,,,category,retail selling in convenience stores,4711,"Non-specialized retail sale with food, beverages or tobacco predominating",EXACT,47114,47114|47113|47111|47115|47112,Retail selling in convenience stores || Retail selling in sari-sari stores || Retail selling in groceries || Retail selling in pasalubong stores or centers || Retail selling in supermarkets and hypermarkets,1.000000|0.446025|0.441785|0.432407|0.315958,1.000000,semantic:fsq:retail_convenience;retrieval:strong_separated_hit,REVIEW_REQUIRED,1,LOW_FREQUENCY_RANDOM,TOO_NARROW,REVIEW,,Convenience-store code selects one component of a combined source value containing a different retail/service class.
fsq,"[Travel and Transportation > Transport Hub > Rail Station, Travel and Transportation > Road]",1,1.2563350695883995e-06,psic,rev5,,,exact,,,category,"Travel and Transportation Transport Hub Rail Station, Travel and Transportation Road",,,NOT_ACTIVITY,,,,,,rule:high_precision_non_activity,REVIEW_REQUIRED,1,LOW_FREQUENCY_RANDOM,WRONG_KIND,REVIEW,,A clear economic/service activity is present alongside the non-activity label; the whole combined value should not be forced to NOT_ACTIVITY.
fsq,"[Sports and Recreation > Basketball > Basketball Court, Sports and Recreation > Gym and Studio > Gym, Sports and Recreation > Volleyball Court]",1,1.2563350695883995e-06,psic,rev5,,,exact,,,category,operation of courts for basketball volleyball badminton tennis and pickleball,93112,"Operation of courts for basketball, volleyball, badminton, tennis and pickleball",EXACT,93112,93112,"Operation of courts for basketball, volleyball, badminton, tennis and pickleball",0.961711,0.961711,semantic:fsq:sports_court;retrieval:strong_separated_hit,REVIEW_REQUIRED,1,LOW_FREQUENCY_RANDOM,TOO_NARROW,REVIEW,,Court-operation code captures one of multiple distinct activities in the combined source value.
fsq,"['Health and Medicine > Physician > Doctor\'s Office', Retail > Pharmacy]",1,1.2563350695883995e-06,psic,rev5,,,exact,,,category,retail sale pharmaceutical medical goods,4772,"Retail sale of pharmaceutical and medical goods, cosmetic and toilet articles",SUBTREE,4772,4772|47721|47723|47724|47722,"Retail sale of pharmaceutical and medical goods, cosmetic and toilet articles || Retail sale of prescription and over-the-counter drugs and pharmaceutical goods || Retail sale of medical, orthopedic and dental instruments and supplies || Retail sale of perfumery, cosmetic and toilet articles || Retail sale of non-medicinal wellness and herbal products and supplements",0.591138|0.353173|0.238311|0.134616|0.129968,0.591138,semantic:fsq:pharmacy;retrieval:strong_separated_hit,REVIEW_REQUIRED,1,LOW_FREQUENCY_RANDOM,CORRECT,SUBTREE,4772,Semantically defensible at the proposed PSIC hierarchy level.
fsq,"[Retail > Fashion Retail > Clothing Store, Dining and Drinking > Restaurant > Pizzeria, Arts and Entertainment > Arcade]",1,1.2563350695883995e-06,psic,rev5,,,exact,,,category,retail sale garments clothing apparel,4771,"Retail sale of clothing, footwear and leather articles",EXACT,47711,47711|4771|47719|47712|47713,"Retail sale of garments, clothing, wearing apparel and clothing accessories || Retail sale of clothing, footwear and leather articles || Retail sale of clothing, footwear and leather articles, n.e.c. || Retail sale of footwear || Retail sale of leather goods and travel accessories of leather and leather substitutes",0.697789|0.311996|0.304685|0.244308|0.101870,0.697789,semantic:fsq:retail_clothing;retrieval:strong_separated_hit,REVIEW_REQUIRED,1,LOW_FREQUENCY_RANDOM,TOO_NARROW,REVIEW,,A clothing code matches one label but the combined Foursquare value contains another distinct activity/class.
fsq,"[Dining and Drinking > Donut Shop, Dining and Drinking > Breakfast Spot]",1,1.2563350695883995e-06,psic,rev5,,,exact,,,category,food and beverage service activities,56,Food and Beverage Service Activities,SUBTREE,56,56|5640|56400|564|56290,Food and Beverage Service Activities || Intermediation service activities for food and beverage services activities || Intermediation service activities for food and beverage services activities || Intermediation service activities for food and beverage services activities || Other food service activities,1.000000|0.669798|0.669798|0.669798|0.442780,1.000000,semantic:fsq:dining;retrieval:strong_separated_hit,REVIEW_REQUIRED,1,STRATIFIED_KIND_SOURCE_FREQ,CORRECT,SUBTREE,56,Semantically defensible at the proposed PSIC hierarchy level.
fsq,"[Retail > Fashion Retail > Clothing Store, Retail > Fashion Retail > Fashion Accessories Store, 'Retail > Fashion Retail > Men\'s Store']",1,1.2563350695883995e-06,psic,rev5,,,exact,,,category,retail sale garments clothing apparel,4771,"Retail sale of clothing, footwear and leather articles",EXACT,47711,47711|4771|47719|47712|47713,"Retail sale of garments, clothing, wearing apparel and clothing accessories || Retail sale of clothing, footwear and leather articles || Retail sale of clothing, footwear and leather articles, n.e.c. || Retail sale of footwear || Retail sale of leather goods and travel accessories of leather and leather substitutes",0.697789|0.311996|0.304685|0.244308|0.101870,0.697789,semantic:fsq:retail_clothing;retrieval:strong_separated_hit,REVIEW_REQUIRED,1,LOW_FREQUENCY_RANDOM,CORRECT,EXACT,47711,Semantically defensible at the proposed PSIC hierarchy level.
fsq,"[Health and Medicine > Veterinarian, Community and Government > Residential Building > Apartment or Condo]",1,1.2563350695883995e-06,psic,rev5,,,exact,,,category,human health activities,,,NOT_ACTIVITY,,,,,,rule:high_precision_non_activity,REVIEW_REQUIRED,1,STRATIFIED_KIND_SOURCE_FREQ,WRONG_KIND,REVIEW,,A clear economic/service activity is present alongside the non-activity label; the whole combined value should not be forced to NOT_ACTIVITY.
fsq,"[Business and Professional Services > Health and Beauty Service, Business and Professional Services > Health and Beauty Service > Spa, Health and Medicine > Medical Center]",1,1.2563350695883995e-06,psic,rev5,,,exact,,,category,hairdressing beauty treatment day spa activities,962,"Hairdressing, beauty treatment, day spa and similar activities",SUBTREE,962,962|9622|96220|9621|96211,"Hairdressing, beauty treatment, day spa and similar activities || Beauty care and other beauty treatment activities || Beauty care and other beauty treatment activities || Hairdressing and barber activities || Hairdressing activities, other than barber activities",0.860616|0.466881|0.466881|0.296729|0.262443,0.860616,semantic:fsq:beauty;retrieval:strong_separated_hit,REVIEW_REQUIRED,1,LOW_FREQUENCY_RANDOM,TOO_NARROW,REVIEW,,Beauty/spa branch captures one component of a mixed source value containing a distinct medical/retail activity.
fsq,"[Retail > Fashion Retail > Clothing Store, Event > Marketplace, Retail > Pop-Up Store]",1,1.2563350695883995e-06,psic,rev5,,,exact,,,category,retail sale garments clothing apparel,4771,"Retail sale of clothing, footwear and leather articles",EXACT,47711,47711|4771|47719|47712|47713,"Retail sale of garments, clothing, wearing apparel and clothing accessories || Retail sale of clothing, footwear and leather articles || Retail sale of clothing, footwear and leather articles, n.e.c. || Retail sale of footwear || Retail sale of leather goods and travel accessories of leather and leather substitutes",0.697789|0.311996|0.304685|0.244308|0.101870,0.697789,semantic:fsq:retail_clothing;retrieval:strong_separated_hit,REVIEW_REQUIRED,1,LOW_FREQUENCY_RANDOM,CORRECT,EXACT,47711,Semantically defensible at the proposed PSIC hierarchy level.
fsq,"[Health and Medicine > Hospital, Community and Government > Education > College and University]",1,1.2563350695883995e-06,psic,rev5,,,exact,,,category,hospital activities,861,Hospital activities,SUBTREE,861,861|8611|8612|86129|86111,"Hospital activities || Public hospital activities || Private hospital activities || Private hospital activities, n.e.c. || Public general hospital activities",1.000000|0.759486|0.757450|0.723632|0.642941,1.000000,semantic:fsq:hospital;retrieval:strong_separated_hit,REVIEW_REQUIRED,1,LOW_FREQUENCY_RANDOM,TOO_NARROW,REVIEW,,Hospital branch captures one label but the combined value contains another distinct activity.
fsq,"[Landmarks and Outdoors > Waterfront, Landmarks and Outdoors > Scenic Lookout, Landmarks and Outdoors > Park]",1,1.2563350695883995e-06,psic,rev5,,,exact,,,category,"Landmarks and Outdoors Waterfront, Landmarks and Outdoors Scenic Lookout, Landmarks and Outdoors Park",,,NOT_ACTIVITY,,,,,,rule:high_precision_non_activity,REVIEW_REQUIRED,1,LOW_FREQUENCY_RANDOM,CORRECT,NOT_ACTIVITY,,Semantically defensible at the proposed PSIC hierarchy level.
fsq,"[Dining and Drinking > Dessert Shop, Dining and Drinking > Food Stand, Dining and Drinking > Snack Place]",1,1.2563350695883995e-06,psic,rev5,,,exact,,,category,food and beverage service activities,56,Food and Beverage Service Activities,SUBTREE,56,56|5640|56400|564|56290,Food and Beverage Service Activities || Intermediation service activities for food and beverage services activities || Intermediation service activities for food and beverage services activities || Intermediation service activities for food and beverage services activities || Other food service activities,1.000000|0.669798|0.669798|0.669798|0.442780,1.000000,semantic:fsq:dining;retrieval:strong_separated_hit,REVIEW_REQUIRED,1,LOW_FREQUENCY_RANDOM,CORRECT,SUBTREE,56,Semantically defensible at the proposed PSIC hierarchy level.
fsq,"[Community and Government > Government Building, Business and Professional Services > Office, Landmarks and Outdoors > Structure]",1,1.2563350695883995e-06,psic,rev5,,,exact,,,category,general public administration activities,,,NOT_ACTIVITY,,,,,,rule:high_precision_non_activity,REVIEW_REQUIRED,1,LOW_FREQUENCY_RANDOM,WRONG_KIND,REVIEW,,A clear economic/service activity is present alongside the non-activity label; the whole combined value should not be forced to NOT_ACTIVITY.
fsq,"[Retail > Sporting Goods Retail > Golf Store, Retail > Fashion Retail > Clothing Store]",1,1.2563350695883995e-06,psic,rev5,,,exact,,,category,retail sale garments clothing apparel,4771,"Retail sale of clothing, footwear and leather articles",EXACT,47711,47711|4771|47719|47712|47713,"Retail sale of garments, clothing, wearing apparel and clothing accessories || Retail sale of clothing, footwear and leather articles || Retail sale of clothing, footwear and leather articles, n.e.c. || Retail sale of footwear || Retail sale of leather goods and travel accessories of leather and leather substitutes",0.697789|0.311996|0.304685|0.244308|0.101870,0.697789,semantic:fsq:retail_clothing;retrieval:strong_separated_hit,REVIEW_REQUIRED,1,LOW_FREQUENCY_RANDOM,TOO_NARROW,REVIEW,,A clothing code matches one label but the combined Foursquare value contains another distinct activity/class.
fsq,"[Business and Professional Services > Office, Business and Professional Services > Business Center, Landmarks and Outdoors > Structure]",1,1.2563350695883995e-06,psic,rev5,,,exact,,,category,"Business and Professional Services Office, Business and Professional Services Business Center, Landmarks and Outdoors Structure",,,NOT_ACTIVITY,,,,,,rule:high_precision_non_activity,REVIEW_REQUIRED,1,LOW_FREQUENCY_RANDOM,WRONG_KIND,REVIEW,,A clear economic/service activity is present alongside the non-activity label; the whole combined value should not be forced to NOT_ACTIVITY.
fsq,"[Health and Medicine > Hospital, Dining and Drinking > Food Truck, Dining and Drinking > Restaurant > Asian Restaurant]",1,1.2563350695883995e-06,psic,rev5,,,exact,,,category,hospital activities,861,Hospital activities,SUBTREE,861,861|8611|8612|86129|86111,"Hospital activities || Public hospital activities || Private hospital activities || Private hospital activities, n.e.c. || Public general hospital activities",1.000000|0.759486|0.757450|0.723632|0.642941,1.000000,semantic:fsq:hospital;retrieval:strong_separated_hit,REVIEW_REQUIRED,1,LOW_FREQUENCY_RANDOM,TOO_NARROW,REVIEW,,Hospital branch captures one label but the combined value contains another distinct activity.
fsq,"[Dining and Drinking > Breakfast Spot, Dining and Drinking > Snack Place, Dining and Drinking > Food Court]",1,1.2563350695883995e-06,psic,rev5,,,exact,,,category,food and beverage service activities,56,Food and Beverage Service Activities,SUBTREE,56,56|5640|56400|564|56290,Food and Beverage Service Activities || Intermediation service activities for food and beverage services activities || Intermediation service activities for food and beverage services activities || Intermediation service activities for food and beverage services activities || Other food service activities,1.000000|0.669798|0.669798|0.669798|0.442780,1.000000,semantic:fsq:dining;retrieval:strong_separated_hit,REVIEW_REQUIRED,1,LOW_FREQUENCY_RANDOM,CORRECT,SUBTREE,56,Semantically defensible at the proposed PSIC hierarchy level.
fsq,"[Dining and Drinking > Night Market, Retail > Flea Market, Retail > Food and Beverage Retail > Farmers Market]",1,1.2563350695883995e-06,psic,rev5,,,exact,,,category,food and beverage service activities,56,Food and Beverage Service Activities,SUBTREE,56,56|5640|56400|564|56290,Food and Beverage Service Activities || Intermediation service activities for food and beverage services activities || Intermediation service activities for food and beverage services activities || Intermediation service activities for food and beverage services activities || Other food service activities,1.000000|0.669798|0.669798|0.669798|0.442780,1.000000,semantic:fsq:dining;retrieval:strong_separated_hit,REVIEW_REQUIRED,1,STRATIFIED_KIND_SOURCE_FREQ;LOW_FREQUENCY_RANDOM,TOO_NARROW,REVIEW,,Food-service branch captures one component of a mixed Foursquare source value.
osm,shop=convenience | office=telecommunication,1,1.2563350695883995e-06,psic,rev5,,,exact,,,category,retail selling in convenience stores,4711,"Non-specialized retail sale with food, beverages or tobacco predominating",EXACT,47114,47114|47113|47111|47115|47112,Retail selling in convenience stores || Retail selling in sari-sari stores || Retail selling in groceries || Retail selling in pasalubong stores or centers || Retail selling in supermarkets and hypermarkets,1.000000|0.446025|0.441785|0.432407|0.315958,1.000000,semantic:osm:shop=convenience;retrieval:strong_separated_hit,REVIEW_REQUIRED,1,LOW_FREQUENCY_RANDOM,TOO_NARROW,REVIEW,,Multiple OSM activity tags are present; the exact proposal represents only one of them.
osm,leisure=fishing,1,1.2563350695883995e-06,psic,rev5,,,exact,,,category,fishing leisure,,,SUBTREE,031,031|0311|03119|03120|0312,"Fishing || Marine fishing || Marine fishing, n.e.c. || Freshwater fishing || Freshwater fishing",0.918652|0.533896|0.486388|0.484875|0.484875,0.918652,semantic:raw_category;retrieval:strong_separated_hit,REVIEW_REQUIRED,1,STRATIFIED_KIND_SOURCE_FREQ,WRONG_CODE,REVIEW,,"Leisure fishing is recreation, not commercial fishing."
osm,amenity=pharmacy | shop=general,1,1.2563350695883995e-06,psic,rev5,,,exact,,,category,retail sale pharmaceutical medical goods,4772,"Retail sale of pharmaceutical and medical goods, cosmetic and toilet articles",SUBTREE,4772,4772|47721|47723|47724|47722,"Retail sale of pharmaceutical and medical goods, cosmetic and toilet articles || Retail sale of prescription and over-the-counter drugs and pharmaceutical goods || Retail sale of medical, orthopedic and dental instruments and supplies || Retail sale of perfumery, cosmetic and toilet articles || Retail sale of non-medicinal wellness and herbal products and supplements",0.591138|0.353173|0.238311|0.134616|0.129968,0.591138,semantic:osm:amenity=pharmacy;retrieval:strong_separated_hit,REVIEW_REQUIRED,1,STRATIFIED_KIND_SOURCE_FREQ,TOO_NARROW,REVIEW,,Pharmacy branch captures one tag while shop=general indicates a broader/different retail activity.
osm,office=Technology_&_Telecommunications,1,1.2563350695883995e-06,psic,rev5,,,exact,,,category,technology & telecommunications professional service activities,,,SUBTREE,61,61|6120|612|61209|N,"Telecommunications || Telecommunication reselling activities and intermediation service activities for telecommunication || Telecommunication reselling activities and intermediation service activities for telecommunication || Telecommunication reselling activities and intermediation service activities for telecommunication, n.e.c. || Professional, Scientific, and Technical Activities",0.548099|0.293814|0.293814|0.287917|0.287074,0.548099,semantic:raw_category;retrieval:strong_separated_hit,REVIEW_REQUIRED,1,STRATIFIED_KIND_SOURCE_FREQ,TOO_NARROW,REVIEW,,The office category spans technology and telecommunications; telecommunications alone is narrower than the source.
osm,shop=trade | craft=roofer,1,1.2563350695883995e-06,psic,rev5,,,exact,,,category,retail sale trade,47,Retail Trade,SUBTREE,47,47|4721|47217|47761|47219,"Retail Trade || Retail sale of food || Retail sale of salt || Retail sale of pet || Retail sale of food, n.e.c.",0.687212|0.485936|0.457609|0.450661|0.438004,0.687212,semantic:osm:shop;retrieval:strong_separated_hit,REVIEW_REQUIRED,1,STRATIFIED_KIND_SOURCE_FREQ,TOO_NARROW,REVIEW,,Retail trade captures the shop tag but omits the distinct craft/service activity.
osm,amenity=cafe | shop=shoes,1,1.2563350695883995e-06,psic,rev5,,,exact,,,category,operation of cafes or coffee shops,563,Beverage serving activities,EXACT,56302,56302|56303|56301|56304|5630,"Operation of cafés or coffee shops || Activities of tea shops || Operation of nightclubs, bars and cocktail lounges || Activities of beverage stands, kiosks and counters || Beverage serving activities",0.784830|0.296045|0.107429|0.008501|0.004505,0.784830,semantic:osm:amenity=cafe;retrieval:strong_separated_hit,REVIEW_REQUIRED,1,LOW_FREQUENCY_RANDOM,TOO_NARROW,REVIEW,,Multiple OSM activity tags are present; the exact proposal represents only one of them.
osm,amenity=marketplace | shop=trade,1,1.2563350695883995e-06,psic,rev5,,,exact,,,category,retail sale trade,47,Retail Trade,SUBTREE,47,47|4721|47217|47761|47219,"Retail Trade || Retail sale of food || Retail sale of salt || Retail sale of pet || Retail sale of food, n.e.c.",0.687212|0.485936|0.457609|0.450661|0.438004,0.687212,semantic:osm:shop;retrieval:strong_separated_hit,REVIEW_REQUIRED,1,STRATIFIED_KIND_SOURCE_FREQ,CORRECT,SUBTREE,47,Semantically defensible at the proposed PSIC hierarchy level.
osm,amenity=cafe | shop=food,1,1.2563350695883995e-06,psic,rev5,,,exact,,,category,operation of cafes or coffee shops,563,Beverage serving activities,EXACT,56302,56302|56303|56301|56304|5630,"Operation of cafés or coffee shops || Activities of tea shops || Operation of nightclubs, bars and cocktail lounges || Activities of beverage stands, kiosks and counters || Beverage serving activities",0.784830|0.296045|0.107429|0.008501|0.004505,0.784830,semantic:osm:amenity=cafe;retrieval:strong_separated_hit,REVIEW_REQUIRED,1,STRATIFIED_KIND_SOURCE_FREQ,TOO_NARROW,REVIEW,,Multiple OSM activity tags are present; the exact proposal represents only one of them.
osm,amenity=food_court | shop=convenience,1,1.2563350695883995e-06,psic,rev5,,,exact,,,category,retail selling in convenience stores,4711,"Non-specialized retail sale with food, beverages or tobacco predominating",EXACT,47114,47114|47113|47111|47115|47112,Retail selling in convenience stores || Retail selling in sari-sari stores || Retail selling in groceries || Retail selling in pasalubong stores or centers || Retail selling in supermarkets and hypermarkets,1.000000|0.446025|0.441785|0.432407|0.315958,1.000000,semantic:osm:shop=convenience;retrieval:strong_separated_hit,REVIEW_REQUIRED,1,LOW_FREQUENCY_RANDOM,TOO_NARROW,REVIEW,,Multiple OSM activity tags are present; the exact proposal represents only one of them.
osm,amenity=pharmacy | shop=chemist,1,1.2563350695883995e-06,psic,rev5,,,exact,,,category,retail sale pharmaceutical medical goods,4772,"Retail sale of pharmaceutical and medical goods, cosmetic and toilet articles",SUBTREE,4772,4772|47721|47723|47724|47722,"Retail sale of pharmaceutical and medical goods, cosmetic and toilet articles || Retail sale of prescription and over-the-counter drugs and pharmaceutical goods || Retail sale of medical, orthopedic and dental instruments and supplies || Retail sale of perfumery, cosmetic and toilet articles || Retail sale of non-medicinal wellness and herbal products and supplements",0.591138|0.353173|0.238311|0.134616|0.129968,0.591138,semantic:osm:amenity=pharmacy;retrieval:strong_separated_hit,REVIEW_REQUIRED,1,STRATIFIED_KIND_SOURCE_FREQ;LOW_FREQUENCY_RANDOM,CORRECT,SUBTREE,4772,Semantically defensible at the proposed PSIC hierarchy level.
osm,shop=Hardware_and_Construction,1,1.2563350695883995e-06,psic,rev5,,,exact,,,category,retail sale hardware and construction,47,Retail Trade,EXACT,47521,47521|4752|47529|4721|47525,"Retail sale of hardware and electrical materials and supplies || Retail sale of hardware, building materials, paints and glass || Retail sale of hardware, building materials, paints and glass, n.e.c. || Retail sale of food || Retail sale of masonry and other construction materials and supplies",0.471274|0.323401|0.314662|0.297965|0.291452,0.471274,semantic:osm:shop;retrieval:strong_separated_hit,REVIEW_REQUIRED,1,STRATIFIED_KIND_SOURCE_FREQ,CORRECT,EXACT,47521,Semantically defensible at the proposed PSIC hierarchy level.
osm,amenity=fast_food | shop=tofu,1,1.2563350695883995e-06,psic,rev5,,,exact,,,category,fast-food restaurant operations,561,Restaurants and mobile food service activities,EXACT,56102,56102|5610|561|56109|56103,"Fast-food restaurants operations, including quick service restaurant || Restaurants and mobile food service activities || Restaurants and mobile food service activities || Restaurants and mobile food service activities, n.e.c. || Activities of buffet restaurants",0.665390|0.220886|0.220886|0.211482|0.152129,0.665390,semantic:osm:amenity=fast_food;retrieval:strong_separated_hit,REVIEW_REQUIRED,1,STRATIFIED_KIND_SOURCE_FREQ,TOO_NARROW,REVIEW,,Multiple OSM activity tags are present; the exact proposal represents only one of them.
osm,shop=trade | craft=machinery,1,1.2563350695883995e-06,psic,rev5,,,exact,,,category,retail sale trade,47,Retail Trade,SUBTREE,47,47|4721|47217|47761|47219,"Retail Trade || Retail sale of food || Retail sale of salt || Retail sale of pet || Retail sale of food, n.e.c.",0.687212|0.485936|0.457609|0.450661|0.438004,0.687212,semantic:osm:shop;retrieval:strong_separated_hit,REVIEW_REQUIRED,1,STRATIFIED_KIND_SOURCE_FREQ,TOO_NARROW,REVIEW,,Retail trade captures the shop tag but omits the distinct craft/service activity.
osm,shop=supermarket | leisure=swimming_pool,1,1.2563350695883995e-06,psic,rev5,,,exact,,,category,retail selling in supermarkets and hypermarkets,4711,"Non-specialized retail sale with food, beverages or tobacco predominating",EXACT,47112,47112|47111|47114|47113|47115,Retail selling in supermarkets and hypermarkets || Retail selling in groceries || Retail selling in convenience stores || Retail selling in sari-sari stores || Retail selling in pasalubong stores or centers,1.000000|0.376115|0.315958|0.272130|0.265596,1.000000,semantic:osm:shop=supermarket;retrieval:strong_separated_hit,REVIEW_REQUIRED,1,STRATIFIED_KIND_SOURCE_FREQ,TOO_NARROW,REVIEW,,Multiple OSM activity tags are present; the exact proposal represents only one of them.
osm,shop=trade | craft=glaziery,1,1.2563350695883995e-06,psic,rev5,,,exact,,,category,retail sale trade,47,Retail Trade,SUBTREE,47,47|4721|47217|47761|47219,"Retail Trade || Retail sale of food || Retail sale of salt || Retail sale of pet || Retail sale of food, n.e.c.",0.687212|0.485936|0.457609|0.450661|0.438004,0.687212,semantic:osm:shop;retrieval:strong_separated_hit,REVIEW_REQUIRED,1,STRATIFIED_KIND_SOURCE_FREQ,TOO_NARROW,REVIEW,,Retail trade captures the shop tag but omits the distinct craft/service activity.
osm,shop=trade | craft=window_construction,1,1.2563350695883995e-06,psic,rev5,,,exact,,,category,retail sale trade,47,Retail Trade,SUBTREE,47,47|4721|47217|47761|47219,"Retail Trade || Retail sale of food || Retail sale of salt || Retail sale of pet || Retail sale of food, n.e.c.",0.687212|0.485936|0.457609|0.450661|0.438004,0.687212,semantic:osm:shop;retrieval:strong_separated_hit,REVIEW_REQUIRED,1,STRATIFIED_KIND_SOURCE_FREQ,TOO_NARROW,REVIEW,,Retail trade captures the shop tag but omits the distinct craft/service activity.
osm,shop=clothes | craft=tailor,1,1.2563350695883995e-06,psic,rev5,,,exact,,,category,retail sale garments clothing apparel,4771,"Retail sale of clothing, footwear and leather articles",EXACT,47711,47711|4771|47719|47712|47713,"Retail sale of garments, clothing, wearing apparel and clothing accessories || Retail sale of clothing, footwear and leather articles || Retail sale of clothing, footwear and leather articles, n.e.c. || Retail sale of footwear || Retail sale of leather goods and travel accessories of leather and leather substitutes",0.697789|0.311996|0.304685|0.244308|0.101870,0.697789,semantic:osm:shop=clothes;retrieval:strong_separated_hit,REVIEW_REQUIRED,1,STRATIFIED_KIND_SOURCE_FREQ,TOO_NARROW,REVIEW,,Multiple OSM activity tags are present; the exact proposal represents only one of them.
osm,amenity=fast_food | shop=trade,1,1.2563350695883995e-06,psic,rev5,,,exact,,,category,fast-food restaurant operations,561,Restaurants and mobile food service activities,EXACT,56102,56102|5610|561|56109|56103,"Fast-food restaurants operations, including quick service restaurant || Restaurants and mobile food service activities || Restaurants and mobile food service activities || Restaurants and mobile food service activities, n.e.c. || Activities of buffet restaurants",0.665390|0.220886|0.220886|0.211482|0.152129,0.665390,semantic:osm:amenity=fast_food;retrieval:strong_separated_hit,REVIEW_REQUIRED,1,STRATIFIED_KIND_SOURCE_FREQ,TOO_NARROW,REVIEW,,Multiple OSM activity tags are present; the exact proposal represents only one of them.
overture,customs_broker,1,1.2563350695883995e-06,psic,rev5,,,exact,,,category,customs broker,,,EXACT,52332,52332|6010|601|60100|J,"Activities of customs brokers || Radio broadcasting and audio distribution activities || Radio broadcasting and audio distribution activities || Radio broadcasting and audio distribution activities || Publishing, Broadcasting, and Content Production and Distribution Activities",0.629154|0.017498|0.017498|0.017498|0.015904,0.629154,semantic:raw_category;retrieval:strong_separated_hit,REVIEW_REQUIRED,1,STRATIFIED_KIND_SOURCE_FREQ,CORRECT,EXACT,52332,Semantically defensible at the proposed PSIC hierarchy level.
overture,books_music_and_video_store,1,1.2563350695883995e-06,psic,rev5,,,exact,,,category,retail sale books music and video,47,Retail Trade,EXACT,47692,47692|47742|47406|4721|47217,"Retail sale of music and video recordings in physical media || Retail sale of second-hand books || Retail sale of audio and video equipment, including parts and accessories || Retail sale of food || Retail sale of salt",0.517878|0.363526|0.308038|0.284381|0.268575,0.517878,semantic:overture:store_suffix;retrieval:strong_separated_hit,REVIEW_REQUIRED,1,STRATIFIED_KIND_SOURCE_FREQ,TOO_NARROW,REVIEW,,Compound store category includes books as well as music/video; the music/video leaf is incomplete.
